id,type,reference_price,descript,url,company,review_url,review_count
1971108,OPPO Find X7 Ultra(12GB/256GB) ,5999,1英寸双潜望四主摄，哈苏影像，第三代骁龙8,http://detail.zol.com.cn/cell_phone/index1971108.shtml,OPPO,http://detail.zol.com.cn/1972/1971108/review.shtml,107
1994643,OPPO A3 Pro(8GB/256GB) ,1999,满级防水，360°抗摔，四年耐用大电池,http://detail.zol.com.cn/cell_phone/index1994643.shtml,OPPO,http://detail.zol.com.cn/1995/1994643/review.shtml,6
1955910,OPPO Find X7(12GB/256GB) ,3999,潮汐架构，全大核天玑9300，超光影三主摄,http://detail.zol.com.cn/cell_phone/index1955910.shtml,OPPO,http://detail.zol.com.cn/1956/1955910/review.shtml,109
1494542,OPPO Find N3（12GB/512GB） ,9999,超轻薄折叠，超光影折叠像素，国密认证安全芯片,http://detail.zol.com.cn/cell_phone/index1494542.shtml,OPPO,http://detail.zol.com.cn/1495/1494542/review.shtml,196
1788651,OPPO K11（12GB/512GB） ,2499,CPU型号:高通 骁龙782G CPU核心数:八核 RAM容量:12GB ROM容量:512GB 电池容量:5000mAh 后置摄像头1 后置摄像头:5000万像素 有线充电:100w,http://detail.zol.com.cn/cell_phone/index1788651.shtml,OPPO,http://detail.zol.com.cn/1789/1788651/review.shtml,96
1948894,OPPO Reno 11(8GB/256GB) ,2499,5000万单反级人像三摄，天玑8200旗舰芯，67W超级闪充 ,http://detail.zol.com.cn/cell_phone/index1948894.shtml,OPPO,http://detail.zol.com.cn/1949/1948894/review.shtml,163
1433436,OPPO Reno9 Pro+（16GB/256GB） ,3999,双芯人像摄影系统，骁龙8+旗舰芯片，120Hz OLED超清曲面屏,http://detail.zol.com.cn/cell_phone/index1433436.shtml,OPPO,http://detail.zol.com.cn/1434/1433436/review.shtml,1141
1948895,OPPO Reno 11 Pro(12GB/256GB) ,3499,5000万单反级人像三摄，骁龙8+旗舰芯片，超速大内存,http://detail.zol.com.cn/cell_phone/index1948895.shtml,OPPO,http://detail.zol.com.cn/1949/1948895/review.shtml,162
1897137,OPPO A2 Pro（8GB/256GB） ,1799,天玑7050，67W闪充，6.7英寸,http://detail.zol.com.cn/cell_phone/index1897137.shtml,OPPO,http://detail.zol.com.cn/1898/1897137/review.shtml,188
1611438,OPPO K11x（8GB/128GB） ,1499,120Hz刷新，10800万像素，5000mAh电池,http://detail.zol.com.cn/cell_phone/index1611438.shtml,OPPO,http://detail.zol.com.cn/1612/1611438/review.shtml,138
1985917,OPPO K12(8GB/256GB) ,1899,超抗摔金刚石架构，5500mAh超长续航，第三代骁龙7旗舰芯,http://detail.zol.com.cn/cell_phone/index1985917.shtml,OPPO,,0
1425427,OPPO Find X6（12GB/256GB） ,4499,哈苏影像，80W闪充，天玑9200,http://detail.zol.com.cn/cell_phone/index1425427.shtml,OPPO,http://detail.zol.com.cn/1426/1425427/review.shtml,220
1425497,OPPO Find X6 Pro（12GB/256GB） ,5999,骁龙8，5000mAh，100W闪充,http://detail.zol.com.cn/cell_phone/index1425497.shtml,OPPO,http://detail.zol.com.cn/1426/1425497/review.shtml,272
1438885,OPPO Reno 10（8GB/256GB） ,2499,"超光影长焦镜头，骁龙778G
5G次旗舰芯片，80W超级闪充",http://detail.zol.com.cn/cell_phone/index1438885.shtml,OPPO,http://detail.zol.com.cn/1439/1438885/review.shtml,176
1935482,OPPO A2m(6GB/128GB) ,1499,5000mAh电池，300%超级音量，金刚石抗摔结构,http://detail.zol.com.cn/cell_phone/index1935482.shtml,OPPO,http://detail.zol.com.cn/1936/1935482/review.shtml,74
1348585,OPPO Find X3（8GB/128GB/全网通/5G版） ,3999,10亿色双主摄，10亿色臻彩屏，全链路10bit色彩引擎，未来流线设计，65W超级闪充,http://detail.zol.com.cn/cell_phone/index1348585.shtml,OPPO,http://detail.zol.com.cn/1349/1348585/review.shtml,4796
1972404,OPPO Find X7 Ultra(16GB/256GB) ,6499,1英寸双潜望四主摄，2K钻石屏，第三代骁龙8,http://detail.zol.com.cn/cell_phone/index1972404.shtml,OPPO,http://detail.zol.com.cn/1973/1972404/review.shtml,83
1946976,OPPO A2 5G( 12GB/256GB) ,1699,大内存，33W超级闪充，金刚石抗摔结构,http://detail.zol.com.cn/cell_phone/index1946976.shtml,OPPO,http://detail.zol.com.cn/1947/1946976/review.shtml,122
1966826,OPPO Find X7 Pro ,0,,http://detail.zol.com.cn/cell_phone/index1966826.shtml,OPPO,,0
1399645,OPPO K10（8GB/256GB） ,2199,天玑8000-MAX，金刚石VC液冷散热，120Hz高帧变速屏,http://detail.zol.com.cn/cell_phone/index1399645.shtml,OPPO,http://detail.zol.com.cn/1400/1399645/review.shtml,4121
1427782,OPPO K10x（8GB/128GB） ,1499,6400万超清三摄，67w闪充，高通骁龙695,http://detail.zol.com.cn/cell_phone/index1427782.shtml,OPPO,http://detail.zol.com.cn/1428/1427782/review.shtml,2039
1972405,OPPO Find X7 Ultra(16GB/512GB) ,6999, 第三代骁龙8，1英寸双潜望四主摄，哈苏影像,http://detail.zol.com.cn/cell_phone/index1972405.shtml,OPPO,http://detail.zol.com.cn/1973/1972405/review.shtml,107
1363222,OPPO Reno6（12GB/256GB/全网通/5G版） ,2999,6400万像素水光镜头，65w超级快充，90Hz高感屏，36个月流畅护航,http://detail.zol.com.cn/cell_phone/index1363222.shtml,OPPO,http://detail.zol.com.cn/1364/1363222/review.shtml,3515
1427748,OPPO Reno9（8GB/256GB） ,2499,骁龙778G，6400万水光人像镜头，120Hz OLED超清曲面屏，,http://detail.zol.com.cn/cell_phone/index1427748.shtml,OPPO,http://detail.zol.com.cn/1428/1427748/review.shtml,3353
1438887,OPPO Reno 10 Pro+（16GB/256GB） ,3899,旗舰级超光影人像，骁龙8+旗舰芯片，100W超级闪充,http://detail.zol.com.cn/cell_phone/index1438887.shtml,OPPO,http://detail.zol.com.cn/1439/1438887/review.shtml,190
1923518,OPPO A2x（6GB/128GB） ,1099,轻薄舒适手感，金刚石抗摔结构，300%超级音量,http://detail.zol.com.cn/cell_phone/index1923518.shtml,OPPO,http://detail.zol.com.cn/1924/1923518/review.shtml,114
1438886,OPPO Reno 10 Pro（16GB/256GB） ,3499,超光影人像，天玑8200旗舰芯片，100W超级快充,http://detail.zol.com.cn/cell_phone/index1438886.shtml,OPPO,,0
1336826,OPPO Reno5（12GB/256GB/全网通/5G版） ,2699,AI焕采视频美颜，星钻工艺，6400万水光人像四摄,http://detail.zol.com.cn/cell_phone/index1336826.shtml,OPPO,http://detail.zol.com.cn/1439/1438886/review.shtml,187
1383833,OPPO Reno7（8GB/128GB/全网通/5G版） ,2599,"高通骁龙778G处理器，超感光猫眼镜头，航天级星雨光刻工艺,6400万大师人像三摄",http://detail.zol.com.cn/cell_phone/index1383833.shtml,OPPO,http://detail.zol.com.cn/1337/1336826/review.shtml,4182
1398801,OPPO Reno8（8GB/256GB） ,2699,天玑1300，流云双镜设计，36个月流畅双引擎,http://detail.zol.com.cn/cell_phone/index1398801.shtml,OPPO,http://detail.zol.com.cn/1384/1383833/review.shtml,6995
1849601,OPPO Find N3 Flip（12GB/256GB） ,6799,CPU型号:联发科 天玑9200 CPU核心数:八核 RAM容量:8GB ROM容量:256GB 电池容量:4300mAh 后置摄像头1 后置摄像头:5000万像素 有线充电:44w,http://detail.zol.com.cn/cell_phone/index1849601.shtml,OPPO,http://detail.zol.com.cn/1399/1398801/review.shtml,1306
1355957,OPPO A93（8GB/256GB/全网通/5G版） ,1799,90Hz刷新率，5000mAh大电池，后置4800W四摄,http://detail.zol.com.cn/cell_phone/index1355957.shtml,OPPO,http://detail.zol.com.cn/1850/1849601/review.shtml,197
1320397,OPPO A72（8GB/128GB/全网通/5G版） ,1899,超薄拍照游戏手机，双模5G，90Hz全面屏，7.9mm超薄,http://detail.zol.com.cn/cell_phone/index1320397.shtml,OPPO,http://detail.zol.com.cn/1356/1355957/review.shtml,3553
1425846,OPPO Reno9 Pro（16GB/256GB） ,3499,双芯人像摄影系统，120Hz，OLED超清屏,http://detail.zol.com.cn/cell_phone/index1425846.shtml,OPPO,http://detail.zol.com.cn/1321/1320397/review.shtml,900
1957882,OPPO Reno 11 Pro(12GB/512GB) ,3799,5000万单反级人像三摄，骁龙8+旗舰芯片，超速大内存,http://detail.zol.com.cn/cell_phone/index1957882.shtml,OPPO,http://detail.zol.com.cn/1426/1425846/review.shtml,907
1836870,OPPO K11（12GB/256GB） ,2099,,http://detail.zol.com.cn/cell_phone/index1836870.shtml,OPPO,http://detail.zol.com.cn/1958/1957882/review.shtml,162
1972402,OPPO Find X7(16GB/512GB) ,4599,潮汐架构，全大核天玑9300，超光影三主摄,http://detail.zol.com.cn/cell_phone/index1972402.shtml,OPPO,http://detail.zol.com.cn/1837/1836870/review.shtml,96
1322834,OPPO Reno4（8GB/128GB/全网通/5G版） ,2999,双模5G，超级夜景视频，视频防抖3.0，65W超级闪充，7.8mm轻薄设计，超级省电模式,http://detail.zol.com.cn/cell_phone/index1322834.shtml,OPPO,http://detail.zol.com.cn/1973/1972402/review.shtml,14
1383817,OPPO Find X5 Pro（12GB/256GB/5G版） ,6299,全新骁龙8，自研影像芯片，哈苏影像，5000万双主摄，120Hz，80W超级闪充,http://detail.zol.com.cn/cell_phone/index1383817.shtml,OPPO,,0
1474652,OPPO Find X6 Pro（16GB/256GB） ,6499,骁龙8，5000mAh，100W闪充,http://detail.zol.com.cn/cell_phone/index1474652.shtml,OPPO,http://detail.zol.com.cn/1323/1322834/review.shtml,452
1337045,OPPO Reno5 Pro（8GB/128GB/全网通/5G版） ,3399,闪电启动，星钻光芒设计，6400万水光人像四摄,http://detail.zol.com.cn/cell_phone/index1337045.shtml,OPPO,http://detail.zol.com.cn/1384/1383817/review.shtml,2277
1302451,OPPO Reno3 Pro（8GB/128GB/全网通/5G版） ,3499,VOOC 闪充 4.0，视频超级双防抖，7.7mm 超轻薄机身，骁龙765G,http://detail.zol.com.cn/cell_phone/index1302451.shtml,OPPO,http://detail.zol.com.cn/1475/1474652/review.shtml,272
1403892,OPPO K10（12GB/256GB） ,2499,天玑8000-MAX，金刚石VC液冷散热，120Hz高帧变速屏,http://detail.zol.com.cn/cell_phone/index1403892.shtml,OPPO,http://detail.zol.com.cn/1338/1337045/review.shtml,2220
1897360,OPPO A2 Pro （12GB/512GB） ,2399,天玑7050，67W闪充，6.7英寸,http://detail.zol.com.cn/cell_phone/index1897360.shtml,OPPO,http://detail.zol.com.cn/1303/1302451/review.shtml,193
1433349,OPPO A1 Pro（8GB/128GB） ,1799,1亿像素，OLED屏幕，120Hz高刷，67w闪充,http://detail.zol.com.cn/cell_phone/index1433349.shtml,OPPO,http://detail.zol.com.cn/1404/1403892/review.shtml,4121
1957881,OPPO Reno 11 (12GB/512GB) ,2999,5000万单反级人像三摄，天玑8200旗舰芯，67W超级闪充 ,http://detail.zol.com.cn/cell_phone/index1957881.shtml,OPPO,http://detail.zol.com.cn/1898/1897360/review.shtml,188
1428269,OPPO K10x（12GB/256GB） ,1999,6400万超清三摄，67w闪充，高通骁龙695,http://detail.zol.com.cn/cell_phone/index1428269.shtml,OPPO,http://detail.zol.com.cn/1434/1433349/review.shtml,754
1383816,OPPO Find X5（8GB/256GB/5G版） ,4399,屏幕尺寸:6.55英寸 屏幕材质:OLED 屏幕类型:全面屏（左上挖孔屏），曲面屏 HDR技术:HDR 10+ CPU型号:高通 骁龙888 CPU核心数:八核 RAM容量:8GB,http://detail.zol.com.cn/cell_phone/index1383816.shtml,OPPO,http://detail.zol.com.cn/1958/1957881/review.shtml,129
1946977,OPPO A2 5G(  12GB/512GB) ,1799,大内存，33W超级闪充，金刚石抗摔结构,http://detail.zol.com.cn/cell_phone/index1946977.shtml,OPPO,http://detail.zol.com.cn/1947/1946977/review.shtml,122
1994645,OPPO A3 Pro(12GB/512GB) ,2499,满级防水，360°抗摔，四年耐用大电池,http://detail.zol.com.cn/cell_phone/index1994645.shtml,OPPO,,0
1357522,OPPO A55（6GB/128GB/全网通/5G版） ,1499,5000mAh电池，后置AI三摄，天玑700，亿级像素超清画质,http://detail.zol.com.cn/cell_phone/index1357522.shtml,OPPO,http://detail.zol.com.cn/1358/1357522/review.shtml,498
1396450,OPPO A96（8GB/256GB/5G版） ,1999,高通骁龙695处理器，双子星环呼吸灯，OLED超清护眼屏,http://detail.zol.com.cn/cell_phone/index1396450.shtml,OPPO,http://detail.zol.com.cn/1397/1396450/review.shtml,1646
1627553,OPPO K11x（8GB/256GB） ,1699,120Hz刷新，10800万像素，5000mAh电池,http://detail.zol.com.cn/cell_phone/index1627553.shtml,OPPO,http://detail.zol.com.cn/1628/1627553/review.shtml,138
1392772,OPPO A56（6GB/128GB/全网通/5G版） ,1599,5000mAh电池，后置双摄，天玑700，36个月流畅护航,http://detail.zol.com.cn/cell_phone/index1392772.shtml,OPPO,http://detail.zol.com.cn/1393/1392772/review.shtml,281
1897359,OPPO A2 Pro （12GB/256GB） ,1999,天玑7050，67W闪充，6.7英寸,http://detail.zol.com.cn/cell_phone/index1897359.shtml,OPPO,http://detail.zol.com.cn/1898/1897359/review.shtml,188
1432746,OPPO A58（8GB/256GB） ,1699,90Hz高刷，5000万像素，天玑700,http://detail.zol.com.cn/cell_phone/index1432746.shtml,OPPO,http://detail.zol.com.cn/1433/1432746/review.shtml,152
1367786,OPPO K9（8GB/128GB/全网通/5G版） ,1749,骁龙768G，90Hz OLED电竞屏，AI三摄，65W超级闪充,http://detail.zol.com.cn/cell_phone/index1367786.shtml,OPPO,http://detail.zol.com.cn/1368/1367786/review.shtml,2971
1396121,OPPO K9x（8GB/256GB/5G版） ,1699,屏幕尺寸:6.5英寸 屏幕材质:LCD 分辨率:2400x1080像素 屏幕类型:全面屏（左上挖孔屏） CPU型号:联发科 天玑810 CPU频率:2.4Ghz A76*4+2.0GHz A55*4 CPU核心数:八核,http://detail.zol.com.cn/cell_phone/index1396121.shtml,OPPO,http://detail.zol.com.cn/1397/1396121/review.shtml,6208
1339260,OPPO A32（8GB/128GB/全网通） ,1499,5000mAh大电池，18W快充，90Hz刷新率，89.2%屏占比,http://detail.zol.com.cn/cell_phone/index1339260.shtml,OPPO,http://detail.zol.com.cn/1340/1339260/review.shtml,5759
1339813,OPPO Reno4 SE（8GB/128GB/全网通/5G版） ,2199,65W超级闪充，小光芒设计，3200万前置自拍，双模5G,http://detail.zol.com.cn/cell_phone/index1339813.shtml,OPPO,http://detail.zol.com.cn/1340/1339813/review.shtml,2370
1403275,OPPO A57（8GB/128GB） ,1499,天玑810处理器，5000mAh大电量电池，10w有线充电,http://detail.zol.com.cn/cell_phone/index1403275.shtml,OPPO,http://detail.zol.com.cn/1404/1403275/review.shtml,199
1935483,OPPO A2m(8GB/256GB) ,1799,5000mAh电池，300%超级音量，金刚石抗摔结构,http://detail.zol.com.cn/cell_phone/index1935483.shtml,OPPO,http://detail.zol.com.cn/1936/1935483/review.shtml,32
1363223,OPPO Reno6 Pro（12GB/256GB/全网通/5G版） ,3399,联发科天玑1200处理器，6400万像素四摄，90Hz曲面屏，，65w超级快充,http://detail.zol.com.cn/cell_phone/index1363223.shtml,OPPO,http://detail.zol.com.cn/1364/1363223/review.shtml,1214
1419285,OPPO A97（12GB/256GB） ,1999,立体声双扬声器，5000毫安电池，4800万像素,http://detail.zol.com.cn/cell_phone/index1419285.shtml,OPPO,http://detail.zol.com.cn/1420/1419285/review.shtml,189
1427932,OPPO Find N2（12GB/256GB） ,7999,120Hz刷新，超轻折叠设计，多角度自由悬停2.0,http://detail.zol.com.cn/cell_phone/index1427932.shtml,OPPO,http://detail.zol.com.cn/1428/1427932/review.shtml,500
1366469,OPPO A35（4GB/128GB/全网通） ,1199,7.9mm轻薄机身，AI超清人像三摄，4230mAh大电池,http://detail.zol.com.cn/cell_phone/index1366469.shtml,OPPO,http://detail.zol.com.cn/1367/1366469/review.shtml,999
1396119,OPPO K9x（8GB/128GB/5G版） ,1499,联发科天玑820处理器，5000mAh长续航，33w快充，90Hz电竞屏,http://detail.zol.com.cn/cell_phone/index1396119.shtml,OPPO,http://detail.zol.com.cn/1397/1396119/review.shtml,6208
1433722,OPPO Reno9（12GB/512GB） ,2999,骁龙778G，6400万水光人像镜头，120Hz OLED超清曲面屏，,http://detail.zol.com.cn/cell_phone/index1433722.shtml,OPPO,http://detail.zol.com.cn/1434/1433722/review.shtml,3353
1403347,OPPO Reno8 Pro+（8GB/256GB） ,3699,流云双镜设计，航空铝直边金属中框，双芯人像科技,http://detail.zol.com.cn/cell_phone/index1403347.shtml,OPPO,http://detail.zol.com.cn/1404/1403347/review.shtml,166
1376138,OPPO A93s（8GB/256GB/全网通/5G版） ,1999,联发科天玑700处理器，18W双芯快充，90Hz高刷屏，全面屏,http://detail.zol.com.cn/cell_phone/index1376138.shtml,OPPO,http://detail.zol.com.cn/1377/1376138/review.shtml,1573
1957880,OPPO Reno 11 (12GB/256GB) ,2799,5000万单反级人像三摄，天玑8200旗舰芯，67W超级闪充 ,http://detail.zol.com.cn/cell_phone/index1957880.shtml,OPPO,http://detail.zol.com.cn/1958/1957880/review.shtml,163
1356802,OPPO Find X3 Pro（12GB/256GB/全网通/5G版） ,5499,骁龙888，10亿色双主摄，10亿色臻彩屏，全链路10bit色彩引擎，未来流线设计，65W超级闪充,http://detail.zol.com.cn/cell_phone/index1356802.shtml,OPPO,http://detail.zol.com.cn/1357/1356802/review.shtml,3544
1345840,OPPO Reno5 Pro+（8GB/128GB/全网通/5G版） ,3999,90Hz高感曲面屏，骁龙865，65W超级闪充，IMX766传感器,http://detail.zol.com.cn/cell_phone/index1345840.shtml,OPPO,http://detail.zol.com.cn/1346/1345840/review.shtml,1874
1305856,OPPO A8（4GB/128GB/全网通） ,1099,千元三摄，阳光护眼屏,http://detail.zol.com.cn/cell_phone/index1305856.shtml,OPPO,http://detail.zol.com.cn/1306/1305856/review.shtml,1175
1349689,OPPO A53（4GB/128GB/全网通/5G版） ,1299,AI智能三摄，双模5G，天玑720,http://detail.zol.com.cn/cell_phone/index1349689.shtml,OPPO,http://detail.zol.com.cn/1350/1349689/review.shtml,695
1345169,OPPO K7x（6GB/128GB/全网通/5G版） ,1499,5000mAh长续航，90Hz电竞屏，4800万四摄，30W闪充,http://detail.zol.com.cn/cell_phone/index1345169.shtml,OPPO,http://detail.zol.com.cn/1346/1345169/review.shtml,3733
1923521,OPPO A2x（8GB/256GB） ,1399,轻薄舒适手感，金刚石抗摔结构，300%超级音量,http://detail.zol.com.cn/cell_phone/index1923521.shtml,OPPO,http://detail.zol.com.cn/1924/1923521/review.shtml,69
1396707,OPPO A36（8GB/256GB） ,1599,高通骁龙680处理器，90Hz炫彩屏，流光晶钻工艺，5000mAh电池,http://detail.zol.com.cn/cell_phone/index1396707.shtml,OPPO,http://detail.zol.com.cn/1397/1396707/review.shtml,326
1368662,OPPO Reno6 Pro+（12GB/256GB/全网通/5G版） ,4199,高通骁龙870，5000万像素四摄，65w超级快充，90Hz OLED显示屏,http://detail.zol.com.cn/cell_phone/index1368662.shtml,OPPO,http://detail.zol.com.cn/1369/1368662/review.shtml,1102
1972401,OPPO Find X7(16GB/256GB) ,4299,潮汐架构，全大核天玑9300，超光影三主摄,http://detail.zol.com.cn/cell_phone/index1972401.shtml,OPPO,http://detail.zol.com.cn/1973/1972401/review.shtml,109
1428268,OPPO K10x（8GB/256GB）  ,1699,6400万超清三摄，67w闪充，高通骁龙695,http://detail.zol.com.cn/cell_phone/index1428268.shtml,OPPO,http://detail.zol.com.cn/1429/1428268/review.shtml,2039
1929849,OPPO Find N3 （16GB/1TB/典藏版） ,12999,超轻薄折叠，超光影折叠像素，国密认证安全芯片,http://detail.zol.com.cn/cell_phone/index1929849.shtml,OPPO,http://detail.zol.com.cn/1930/1929849/review.shtml,192
1836871,OPPO K11（8GB/256GB） ,1899,,http://detail.zol.com.cn/cell_phone/index1836871.shtml,OPPO,http://detail.zol.com.cn/1837/1836871/review.shtml,96
1474653,OPPO Find X6 Pro（16GB/512GB） ,6999,骁龙8，5000mAh，100W闪充,http://detail.zol.com.cn/cell_phone/index1474653.shtml,OPPO,http://detail.zol.com.cn/1475/1474653/review.shtml,272
1360802,OPPO Reno5 K（8GB/128GB/全网通/5G版） ,2699,6400万水光人像四摄，65W超级闪充，Glow20星钻工艺,http://detail.zol.com.cn/cell_phone/index1360802.shtml,OPPO,http://detail.zol.com.cn/1361/1360802/review.shtml,327
1318728,OPPO A92s（6GB/128GB/全网通/5G版） ,1999,120Hz刷新率，后置4800W四摄，侧边指纹,http://detail.zol.com.cn/cell_phone/index1318728.shtml,OPPO,http://detail.zol.com.cn/1319/1318728/review.shtml,64
1437127,OPPO A58x（6GB/128GB） ,1200,5000mAh大电池，90Hz刷新，双模5G芯片,http://detail.zol.com.cn/cell_phone/index1437127.shtml,OPPO,http://detail.zol.com.cn/1438/1437127/review.shtml,4
1348127,OPPO X 2021 ,0,伸缩屏,http://detail.zol.com.cn/cell_phone/index1348127.shtml,OPPO,http://detail.zol.com.cn/1349/1348127/review.shtml,2
1383831,OPPO Reno7 Pro（8GB/256GB/全网通/5G版） ,3699,天玑1200 MAX处理器，超感光猫眼镜头，航天级星雨光刻工艺，65W超级闪充,http://detail.zol.com.cn/cell_phone/index1383831.shtml,OPPO,http://detail.zol.com.cn/1384/1383831/review.shtml,2317
1972403,OPPO Find X7(16GB/1TB) ,4999,潮汐架构，全大核天玑9300，超光影三主摄,http://detail.zol.com.cn/cell_phone/index1972403.shtml,OPPO,http://detail.zol.com.cn/1973/1972403/review.shtml,14
1494629,OPPO A1 5G（8GB/256GB） ,1799,67W超级闪充，5000万像素，120Hz刷新,http://detail.zol.com.cn/cell_phone/index1494629.shtml,OPPO,http://detail.zol.com.cn/1495/1494629/review.shtml,195
1433721,OPPO Reno9（12GB/256GB） ,2699,骁龙778G，6400万水光人像镜头，120Hz OLED超清曲面屏，,http://detail.zol.com.cn/cell_phone/index1433721.shtml,OPPO,http://detail.zol.com.cn/1434/1433721/review.shtml,3353
1994644,OPPO A3 Pro(12GB/256GB) ,2199,满级防水，360°抗摔，四年耐用大电池,http://detail.zol.com.cn/cell_phone/index1994644.shtml,OPPO,,0
1391362,OPPO K9s（8GB/128GB/全网通/5G版） ,1669,高通骁龙778G处理器，120Hz电竞屏，X轴线性马达,http://detail.zol.com.cn/cell_phone/index1391362.shtml,OPPO,http://detail.zol.com.cn/1392/1391362/review.shtml,7051
1334225,OPPO K7（8GB/128GB/全网通/5G版） ,1999,GameBoost 2.0，Hi-Res认证，双模5G,http://detail.zol.com.cn/cell_phone/index1334225.shtml,OPPO,http://detail.zol.com.cn/1335/1334225/review.shtml,342
1383825,OPPO Reno8 Pro（8GB/128GB） ,2699,流云双镜设计，120Hz超清大屏，36个月流畅双引擎,http://detail.zol.com.cn/cell_phone/index1383825.shtml,OPPO,http://detail.zol.com.cn/1384/1383825/review.shtml,290
1305852,OPPO A91（8GB/128GB/全网通） ,1799,光感屏幕指纹，全网通，闪充3.0,http://detail.zol.com.cn/cell_phone/index1305852.shtml,OPPO,http://detail.zol.com.cn/1306/1305852/review.shtml,79
1399155,OPPO Find X5 Pro（12GB/512GB/5G版） ,6799,全新骁龙8，自研影像芯片，哈苏影像，5000万双主摄，120Hz，80W超级闪充,http://detail.zol.com.cn/cell_phone/index1399155.shtml,OPPO,http://detail.zol.com.cn/1400/1399155/review.shtml,2277
1627190,OPPO A1 活力版（12GB/256GB） ,1799,IP54防尘防水，天玑6020，双模5G,http://detail.zol.com.cn/cell_phone/index1627190.shtml,OPPO,,0
1408986,OPPO Reno8 Pro（8GB/256GB） ,3199,流云双镜设计，120Hz超清大屏，36个月流畅双引擎,http://detail.zol.com.cn/cell_phone/index1408986.shtml,OPPO,http://detail.zol.com.cn/1409/1408986/review.shtml,290
1366425,OPPO A95（8GB/128GB/全网通/5G版） ,1799,天玑800U芯片，30W快充，1600万前置，AMOLED护眼大屏,http://detail.zol.com.cn/cell_phone/index1366425.shtml,OPPO,http://detail.zol.com.cn/1367/1366425/review.shtml,831
1395230,OPPO Find N（8GB/256GB/5G版） ,7699,骁龙888，黄金折叠比例，多角度自由悬停，120Hz镜面折叠屏,http://detail.zol.com.cn/cell_phone/index1395230.shtml,OPPO,http://detail.zol.com.cn/1396/1395230/review.shtml,3218
1362657,OPPO Find X3（8GB/256GB/全网通/5G版） ,4499,10亿色双主摄，10亿色臻彩屏，全链路10bit色彩引擎，未来流线设计，65W超级闪充,http://detail.zol.com.cn/cell_phone/index1362657.shtml,OPPO,http://detail.zol.com.cn/1363/1362657/review.shtml,4796
1613692,OPPO Reno 10 （12GB/256GB） ,2799,"超光影长焦镜头，骁龙778G
5G次旗舰芯片，80W超级闪充",http://detail.zol.com.cn/cell_phone/index1613692.shtml,OPPO,http://detail.zol.com.cn/1614/1613692/review.shtml,176
1387337,OPPO K9 Pro（8GB/128GB/全网通/5G版） ,1789,天玑1200处理器，120Hz流体电竞屏，60W超级闪充，金刚石固液双态散热系统,http://detail.zol.com.cn/cell_phone/index1387337.shtml,OPPO,http://detail.zol.com.cn/1388/1387337/review.shtml,4110
1350394,OPPO Reno5（8GB/128GB/全网通/5G版） ,2699,星钻工艺，AI 精致证件照，3200万水光镜,http://detail.zol.com.cn/cell_phone/index1350394.shtml,OPPO,http://detail.zol.com.cn/1351/1350394/review.shtml,4182
1935484,OPPO A2m(12GB/256GB) ,2099,5000mAh电池，300%超级音量，金刚石抗摔结构,http://detail.zol.com.cn/cell_phone/index1935484.shtml,OPPO,http://detail.zol.com.cn/1936/1935484/review.shtml,32
1427934,OPPO Find N2 Flip（8GB/256GB） ,5999,3.26英寸外屏，天玑9000+，44W超级闪充,http://detail.zol.com.cn/cell_phone/index1427934.shtml,OPPO,http://detail.zol.com.cn/1428/1427934/review.shtml,500
1403111,OPPO K10 Pro（8GB/256GB） ,2799,高通骁龙888移动平台，80W超级闪充，索尼IMX766主摄，120Hz OLED E4屏,http://detail.zol.com.cn/cell_phone/index1403111.shtml,OPPO,http://detail.zol.com.cn/1404/1403111/review.shtml,185
1395031,OPPO Reno7 SE（8GB/128GB/全网通/5G版） ,2199,天玑900处理器，4800万质感人像三摄，星空拓印工艺，90Hz高感屏,http://detail.zol.com.cn/cell_phone/index1395031.shtml,OPPO,http://detail.zol.com.cn/1396/1395031/review.shtml,669
1437090,OPPO Find N2 Flip（16GB/512GB） ,6999,3.26英寸外屏，天玑9000+，44W超级闪充,http://detail.zol.com.cn/cell_phone/index1437090.shtml,OPPO,http://detail.zol.com.cn/1438/1437090/review.shtml,500
1627554,OPPO K11x（12GB/256GB） ,1899,120Hz刷新，10800万像素，5000mAh电池,http://detail.zol.com.cn/cell_phone/index1627554.shtml,OPPO,http://detail.zol.com.cn/1628/1627554/review.shtml,138
1474582,OPPO Find X6（16GB/512GB） ,4999,哈苏影像，80W闪充，天玑9200,http://detail.zol.com.cn/cell_phone/index1474582.shtml,OPPO,http://detail.zol.com.cn/1475/1474582/review.shtml,220
1494672,OPPO A1x（6GB/128GB） ,1399,5000毫安电池，立体声扬声器，90Hz刷新,http://detail.zol.com.cn/cell_phone/index1494672.shtml,OPPO,,0
1408999,OPPO Reno8 Pro+（12GB/256GB） ,3999,流云双镜设计，航空铝直边金属中框，双芯人像科技,http://detail.zol.com.cn/cell_phone/index1408999.shtml,OPPO,http://detail.zol.com.cn/1409/1408999/review.shtml,166
1350397,OPPO Reno5 Pro（12GB/256GB/全网通/5G版） ,3799,6400万水光人像四摄，30个月流畅护航，星钻工艺,http://detail.zol.com.cn/cell_phone/index1350397.shtml,OPPO,http://detail.zol.com.cn/1351/1350397/review.shtml,2220
1371372,OPPO Reno6（8GB/128GB/全网通/5G版） ,2799,6400万像素水光镜头，65w超级快充，90Hz高感屏，36个月流畅护航,http://detail.zol.com.cn/cell_phone/index1371372.shtml,OPPO,http://detail.zol.com.cn/1372/1371372/review.shtml,3515
1421581,OPPO K10 活力版（12GB/256GB） ,2199,骁龙778G，6.59英寸，120Hz高刷,http://detail.zol.com.cn/cell_phone/index1421581.shtml,OPPO,http://detail.zol.com.cn/1422/1421581/review.shtml,2
1613693,OPPO Reno 10 （12GB/512GB) ,2999,"超光影长焦镜头，骁龙778G
5G次旗舰芯片，80W超级闪充",http://detail.zol.com.cn/cell_phone/index1613693.shtml,OPPO,http://detail.zol.com.cn/1614/1613693/review.shtml,176
1395063,OPPO Reno7（8GB/256GB/全网通/5G版） ,2999,"高通骁龙778G处理器，超感光猫眼镜头，航天级星雨光刻工艺,6400万大师人像三摄",http://detail.zol.com.cn/cell_phone/index1395063.shtml,OPPO,http://detail.zol.com.cn/1396/1395063/review.shtml,6995
1857456,OPPO Find N3 Flip  （12GB/512GB） ,7599,,http://detail.zol.com.cn/cell_phone/index1857456.shtml,OPPO,http://detail.zol.com.cn/1858/1857456/review.shtml,197
1494630,OPPO A1 5G（12GB/256GB） ,1999,67W超级闪充，5000万像素，120Hz刷新,http://detail.zol.com.cn/cell_phone/index1494630.shtml,OPPO,http://detail.zol.com.cn/1495/1494630/review.shtml,195
1923522,OPPO A2x（12GB/256GB） ,0,轻薄舒适手感，金刚石抗摔结构，300%超级音量,http://detail.zol.com.cn/cell_phone/index1923522.shtml,OPPO,http://detail.zol.com.cn/1924/1923522/review.shtml,53
1440510,OPPO A56s（8GB/128GB） ,1099,天玑810，5000mAh电池，200%的超级音量,http://detail.zol.com.cn/cell_phone/index1440510.shtml,OPPO,http://detail.zol.com.cn/1441/1440510/review.shtml,769
1433737,OPPO Reno9 Pro+（16GB/512GB） ,4399,双芯人像摄影系统，骁龙8+旗舰芯片，120Hz OLED超清曲面屏,http://detail.zol.com.cn/cell_phone/index1433737.shtml,OPPO,http://detail.zol.com.cn/1434/1433737/review.shtml,1141
1402990,OPPO A96（12GB/256GB/5G版） ,2299,屏幕尺寸:6.43英寸 屏幕材质:AMOLED 分辨率:2400x1080像素 像素密度:409ppi 屏幕类型:全面屏（左上挖孔屏） CPU型号:高通 骁龙695 CPU核心数:八核,http://detail.zol.com.cn/cell_phone/index1402990.shtml,OPPO,http://detail.zol.com.cn/1403/1402990/review.shtml,1646
1613690,OPPO Reno 10 Pro （16GB/512GB） ,3899,超光影人像，天玑8200旗舰芯片，100W超级快充,http://detail.zol.com.cn/cell_phone/index1613690.shtml,OPPO,http://detail.zol.com.cn/1614/1613690/review.shtml,187
1371376,OPPO Reno6 Pro+（8GB/128GB/全网通/5G版） ,3999,高通骁龙870，5000万像素四摄，65w超级快充，90Hz OLED显示屏,http://detail.zol.com.cn/cell_phone/index1371376.shtml,OPPO,http://detail.zol.com.cn/1372/1371376/review.shtml,1102
1376134,OPPO A93s（8GB/128GB/全网通/5G版） ,1799,主屏尺寸:6.5英寸 屏幕类型:全面屏（20:9极点屏） 出厂系统内核:Android 11 主屏材质:LCD 主屏分辨率:2400x1080像素 屏幕像素密度:405ppi CPU型号:联发科 天玑700,http://detail.zol.com.cn/cell_phone/index1376134.shtml,OPPO,http://detail.zol.com.cn/1377/1376134/review.shtml,1573
1403848,OPPO A55s（8GB/128GB） ,1199,5000mAh电池，后置AI三摄，天玑700,http://detail.zol.com.cn/cell_phone/index1403848.shtml,OPPO,http://detail.zol.com.cn/1404/1403848/review.shtml,833
1375338,OPPO A93（8GB/128GB/全网通/5G版） ,1699,90Hz刷新率，5000mAh大电池，后置4800W四摄,http://detail.zol.com.cn/cell_phone/index1375338.shtml,OPPO,http://detail.zol.com.cn/1376/1375338/review.shtml,3553
1360963,OPPO Reno5 K（12GB/256GB/全网通/5G版） ,2999,6400万水光人像四摄，65W超级闪充，Glow20星钻工艺,http://detail.zol.com.cn/cell_phone/index1360963.shtml,OPPO,http://detail.zol.com.cn/1361/1360963/review.shtml,327
1613699,OPPO Reno 10 Pro+ （16GB/512GB） ,4299,旗舰级超光影人像，骁龙8+旗舰芯片，100W超级闪充,http://detail.zol.com.cn/cell_phone/index1613699.shtml,OPPO,http://detail.zol.com.cn/1614/1613699/review.shtml,190
1395064,OPPO Reno7（12GB/256GB/全网通/5G版） ,3299,"高通骁龙778G处理器，超感光猫眼镜头，航天级星雨光刻工艺,6400万大师人像三摄",http://detail.zol.com.cn/cell_phone/index1395064.shtml,OPPO,http://detail.zol.com.cn/1396/1395064/review.shtml,6995
1410077,OPPO Reno8（8GB/128GB） ,2499,天玑1300，流云双镜设计，36个月流畅双引擎,http://detail.zol.com.cn/cell_phone/index1410077.shtml,OPPO,http://detail.zol.com.cn/1411/1410077/review.shtml,1306
1339258,OPPO A72（4GB/128GB/全网通/5G版） ,1399,双模5G，90Hz全面屏，7.9mm超薄,http://detail.zol.com.cn/cell_phone/index1339258.shtml,OPPO,http://detail.zol.com.cn/1340/1339258/review.shtml,900
1398962,OPPO Find X5 Pro 天玑版（12GB/256GB/5G版） ,5799,天玑9000，5000万双主摄，120Hz智能刷新率，80W超级闪充,http://detail.zol.com.cn/cell_phone/index1398962.shtml,OPPO,http://detail.zol.com.cn/1399/1398962/review.shtml,2277
1367842,OPPO Find X3 Pro（16GB/512GB/全网通/5G版/火星探索版） ,6999,高通骁龙888移动平台，火星探索版定制 OS 主题，火星色彩滤镜，未来流线设计,http://detail.zol.com.cn/cell_phone/index1367842.shtml,OPPO,http://detail.zol.com.cn/1368/1367842/review.shtml,3544
1352637,OPPO Reno5 Pro+（12GB/256GB/全网通/5G版） ,4499,骁龙865，65W超级闪充，IMX766传感器,http://detail.zol.com.cn/cell_phone/index1352637.shtml,OPPO,http://detail.zol.com.cn/1353/1352637/review.shtml,1874
1403894,OPPO K10（8GB/128GB） ,1999,天玑8000-MAX，金刚石VC液冷散热，120Hz高帧变速屏,http://detail.zol.com.cn/cell_phone/index1403894.shtml,OPPO,http://detail.zol.com.cn/1404/1403894/review.shtml,4121
1368115,OPPO A95（8GB/256GB/全网通/5G版） ,1999,天玑800U芯片，30W快充，1600万前置，AMOLED护眼大屏,http://detail.zol.com.cn/cell_phone/index1368115.shtml,OPPO,http://detail.zol.com.cn/1369/1368115/review.shtml,831
1233082,OPPO Find X（10GB RAM/全网通） ,0,10GB+256GB,http://detail.zol.com.cn/cell_phone/index1233082.shtml,OPPO,http://detail.zol.com.cn/1234/1233082/review.shtml,915
1408979,OPPO Reno8（12GB/256GB） ,2999,天玑1300，流云双镜设计，36个月流畅双引擎,http://detail.zol.com.cn/cell_phone/index1408979.shtml,OPPO,http://detail.zol.com.cn/1409/1408979/review.shtml,1306
1408987,OPPO Reno8 Pro（12GB/256GB） ,3499,流云双镜设计，120Hz超清大屏，36个月流畅双引擎,http://detail.zol.com.cn/cell_phone/index1408987.shtml,OPPO,http://detail.zol.com.cn/1409/1408987/review.shtml,290
1306791,OPPO Reno3 Pro（12GB/256GB/全网通/5G版） ,3799,VOOC 闪充 4.0，视频超级双防抖，7.7mm 超轻薄机身，骁龙765G,http://detail.zol.com.cn/cell_phone/index1306791.shtml,OPPO,http://detail.zol.com.cn/1307/1306791/review.shtml,193
1357538,OPPO A32（4GB/64GB/全网通） ,999,5000mAh大电池，18W快充，90Hz刷新率，89.2%屏占比,http://detail.zol.com.cn/cell_phone/index1357538.shtml,OPPO,http://detail.zol.com.cn/1358/1357538/review.shtml,5759
1366078,OPPO A92（全网通） ,0,骁龙665，后置4800万超清四摄，5000mAh电池,http://detail.zol.com.cn/cell_phone/index1366078.shtml,OPPO,,0
1396100,OPPO A56（4GB/128GB/全网通/5G版） ,1499,屏幕尺寸:6.52英寸 屏幕材质:LCD 分辨率:1600x720像素 像素密度:269ppi 屏幕类型:全面屏（水滴屏） CPU型号:联发科 天玑700（MT6833） CPU频率:2.2Ghz A76*2+2.0GHz A55*6,http://detail.zol.com.cn/cell_phone/index1396100.shtml,OPPO,http://detail.zol.com.cn/1397/1396100/review.shtml,281
1398219,OPPO A96（8GB/128GB/5G版） ,1699,屏幕尺寸:6.43英寸 屏幕材质:AMOLED 分辨率:2400x1080像素 像素密度:409ppi 屏幕类型:全面屏（左上挖孔屏） CPU型号:高通 骁龙695 CPU核心数:八核,http://detail.zol.com.cn/cell_phone/index1398219.shtml,OPPO,http://detail.zol.com.cn/1399/1398219/review.shtml,1646
1367794,OPPO K9（8GB/256GB/全网通/5G版） ,2199,骁龙768G，90Hz OLED电竞屏，AI三摄，65W超级闪充,http://detail.zol.com.cn/cell_phone/index1367794.shtml,OPPO,http://detail.zol.com.cn/1368/1367794/review.shtml,2971
1437086,OPPO Find N2（16GB/512GB） ,8999,120Hz刷新，超轻折叠设计，多角度自由悬停2.0,http://detail.zol.com.cn/cell_phone/index1437086.shtml,OPPO,http://detail.zol.com.cn/1438/1437086/review.shtml,500
1432750,OPPO A58（8GB/128GB） ,0,90Hz高刷，5000万像素，天玑700,http://detail.zol.com.cn/cell_phone/index1432750.shtml,OPPO,http://detail.zol.com.cn/1433/1432750/review.shtml,152
1399154,OPPO Find X5（12GB/256GB/5G版） ,4799,骁龙888，自研影像芯片，哈苏影像，5000万双主摄 ，120Hz高刷屏，80W超级闪充,http://detail.zol.com.cn/cell_phone/index1399154.shtml,OPPO,http://detail.zol.com.cn/1400/1399154/review.shtml,1993
1371374,OPPO Reno6 Pro（8GB/128GB/全网通/5G版） ,3499,联发科天玑1200处理器，6400万像素四摄，90Hz曲面屏，，65w超级快充,http://detail.zol.com.cn/cell_phone/index1371374.shtml,OPPO,http://detail.zol.com.cn/1372/1371374/review.shtml,1214
1340370,OPPO Reno4 SE（8GB/256GB/全网通/5G版） ,2499,光芒人像三摄，OLED超清护眼屏，一体化双模 5G,http://detail.zol.com.cn/cell_phone/index1340370.shtml,OPPO,http://detail.zol.com.cn/1341/1340370/review.shtml,2370
1395066,OPPO Reno7 Pro（12GB/256GB/全网通/5G版） ,3999,天玑1200 MAX处理器，超感光猫眼镜头，航天级星雨光刻工艺，65W超级闪充,http://detail.zol.com.cn/cell_phone/index1395066.shtml,OPPO,http://detail.zol.com.cn/1396/1395066/review.shtml,2317
1334226,OPPO K7（8GB/256GB/全网通/5G版） ,2299,主屏尺寸:6.44英寸 屏幕类型:全面屏（20:9） 主屏材质:AMOLED 出厂系统内核:Android 10 主屏分辨率:2400x1080像素 CPU型号:高通 骁龙765G 5G网络:移动5G（NR TDD），联通5G（NR TDD），电信 5G（NR TDD）,http://detail.zol.com.cn/cell_phone/index1334226.shtml,OPPO,http://detail.zol.com.cn/1335/1334226/review.shtml,342
1392937,OPPO A55（8GB/128GB/全网通/5G版） ,1699,5000mAh电池，后置AI三摄，天玑700，亿级像素超清画质,http://detail.zol.com.cn/cell_phone/index1392937.shtml,OPPO,http://detail.zol.com.cn/1393/1392937/review.shtml,498
1339268,OPPO A32（4GB/128GB/全网通） ,1199,5000mAh大电池，18W快充，90Hz刷新率，89.2%屏占比,http://detail.zol.com.cn/cell_phone/index1339268.shtml,OPPO,http://detail.zol.com.cn/1340/1339268/review.shtml,5759
1433727,OPPO Reno9 Pro（16GB/512GB） ,3799,双芯人像摄影系统，120Hz，OLED超清屏,http://detail.zol.com.cn/cell_phone/index1433727.shtml,OPPO,http://detail.zol.com.cn/1434/1433727/review.shtml,907
1357537,OPPO A53（6GB/128GB/全网通/5G版） ,1599,AI智能三摄，双模5G，天玑720,http://detail.zol.com.cn/cell_phone/index1357537.shtml,OPPO,http://detail.zol.com.cn/1358/1357537/review.shtml,695
1326647,OPPO Reno4（8GB/256GB/全网通/5G版） ,3299,双模5G，超级夜景视频，视频防抖3.0，65W超级闪充，7.8mm轻薄设计，超级省电模式,http://detail.zol.com.cn/cell_phone/index1326647.shtml,OPPO,http://detail.zol.com.cn/1327/1326647/review.shtml,452
1362659,OPPO Find X3 Pro 摄影师版（16GB/512GB/全网通/5G版） ,6499,骁龙888，10亿色双主摄，10亿色臻彩屏，全链路10bit色彩引擎，未来流线设计，65W超级闪充,http://detail.zol.com.cn/cell_phone/index1362659.shtml,OPPO,http://detail.zol.com.cn/1363/1362659/review.shtml,422
1402203,OPPO A53（8GB/128GB/全网通/5G版） ,1699,AI智能三摄，双模5G，天玑720,http://detail.zol.com.cn/cell_phone/index1402203.shtml,OPPO,http://detail.zol.com.cn/1403/1402203/review.shtml,695
1386886,OPPO A11s（8GB/128GB/全网通） ,1199,高通骁龙460处理器，5000mAh超大容量电池，18w疾速快充，90Hz护眼屏,http://detail.zol.com.cn/cell_phone/index1386886.shtml,OPPO,http://detail.zol.com.cn/1387/1386886/review.shtml,2002
1433410,OPPO A1 Pro（12GB/256GB） ,2299,1亿像素，OLED屏幕，120Hz高刷，67w闪充,http://detail.zol.com.cn/cell_phone/index1433410.shtml,OPPO,http://detail.zol.com.cn/1434/1433410/review.shtml,754
1396120,OPPO K9x（6GB/128GB/5G版） ,1399,屏幕尺寸:6.5英寸 屏幕材质:LCD 分辨率:2400x1080像素 屏幕类型:全面屏（左上挖孔屏） CPU型号:联发科 天玑810 CPU频率:2.4Ghz A76*4+2.0GHz A55*4 CPU核心数:八核,http://detail.zol.com.cn/cell_phone/index1396120.shtml,OPPO,http://detail.zol.com.cn/1397/1396120/review.shtml,6208
1433409,OPPO A1 Pro（8GB/256GB） ,1999,1亿像素，OLED屏幕，120Hz高刷，67w闪充,http://detail.zol.com.cn/cell_phone/index1433409.shtml,OPPO,http://detail.zol.com.cn/1434/1433409/review.shtml,754
1319752,OPPO A92s（8GB/128GB/全网通/5G版） ,2199,120Hz刷新率，后置4800W四摄，侧边指纹,http://detail.zol.com.cn/cell_phone/index1319752.shtml,OPPO,http://detail.zol.com.cn/1320/1319752/review.shtml,64
1440511,OPPO A56s（8GB/256GB） ,1299,天玑810，5000mAh电池，200%的超级音量,http://detail.zol.com.cn/cell_phone/index1440511.shtml,OPPO,http://detail.zol.com.cn/1441/1440511/review.shtml,769
1494673,OPPO A1x（8GB/128GB） ,1599,5000毫安电池，立体声扬声器，90Hz刷新,http://detail.zol.com.cn/cell_phone/index1494673.shtml,OPPO,,0
1437089,OPPO Find N2 Flip（12GB/256GB） ,6399,3.26英寸外屏，天玑9000+，44W超级闪充,http://detail.zol.com.cn/cell_phone/index1437089.shtml,OPPO,http://detail.zol.com.cn/1438/1437089/review.shtml,500
1393084,OPPO A35（4GB/64GB/全网通） ,899,主屏尺寸:6.52英寸 屏幕类型:全面屏（水滴屏） 主屏材质:LCD 出厂系统内核:Android 10 主屏分辨率:1600x720像素 屏幕像素密度:269ppi CPU型号:联发科 Helio P35（MT6765）,http://detail.zol.com.cn/cell_phone/index1393084.shtml,OPPO,http://detail.zol.com.cn/1394/1393084/review.shtml,999
1395065,OPPO Reno7 SE（8GB/256GB/全网通/5G版） ,2399,天玑900处理器，4800万质感人像三摄，星空拓印工艺，90Hz高感屏,http://detail.zol.com.cn/cell_phone/index1395065.shtml,OPPO,http://detail.zol.com.cn/1396/1395065/review.shtml,669
1392935,OPPO A55（4GB/128GB/全网通/5G版） ,1399,5000mAh电池，后置AI三摄，天玑700，亿级像素超清画质,http://detail.zol.com.cn/cell_phone/index1392935.shtml,OPPO,http://detail.zol.com.cn/1393/1392935/review.shtml,498
1399153,OPPO Find X5（8GB/128GB/5G版） ,3999,骁龙888，自研影像芯片，哈苏影像，5000万双主摄 ，120Hz高刷屏，80W超级闪充,http://detail.zol.com.cn/cell_phone/index1399153.shtml,OPPO,http://detail.zol.com.cn/1400/1399153/review.shtml,1993
1389530,OPPO K9 Pro（12GB/256GB/全网通/5G版） ,2699,天玑1200处理器，120Hz流体电竞屏，60W超级闪充，金刚石固液双态散热系统,http://detail.zol.com.cn/cell_phone/index1389530.shtml,OPPO,http://detail.zol.com.cn/1390/1389530/review.shtml,4110
1395864,OPPO Find N（12GB/512GB/5G版） ,8999,骁龙888，黄金折叠比例，多角度自由悬停，120Hz镜面折叠屏,http://detail.zol.com.cn/cell_phone/index1395864.shtml,OPPO,http://detail.zol.com.cn/1396/1395864/review.shtml,3218
1318959,OPPO A8（6GB/128GB/全网通） ,1399,千元三摄，阳光护眼屏，后置AI三摄,http://detail.zol.com.cn/cell_phone/index1318959.shtml,OPPO,http://detail.zol.com.cn/1319/1318959/review.shtml,1175
1399156,OPPO Find X5 Pro（8GB/256GB/5G版） ,5999,全新骁龙8，自研影像芯片，哈苏影像，5000万双主摄，120Hz，80W超级闪充,http://detail.zol.com.cn/cell_phone/index1399156.shtml,OPPO,http://detail.zol.com.cn/1400/1399156/review.shtml,2277
1342885,OPPO A73（全网通/5G版） ,0,主屏尺寸:6.5英寸 屏幕类型:全面屏（极点屏） 主屏材质:LCD 出厂系统内核:Android 10 主屏分辨率:2400x1080像素 CPU型号:联发科 天玑720 5G网络:移动5G（NR TDD），联通5G（NR TDD），电信 5G（NR TDD）,http://detail.zol.com.cn/cell_phone/index1342885.shtml,OPPO,,0
1362463,OPPO A15（全网通） ,0,Helio P35，后置指纹识别，4230mAh电池,http://detail.zol.com.cn/cell_phone/index1362463.shtml,OPPO,,0
1313858,OPPO Find X2 Pro兰博基尼版（12GB/512GB/全网通/5G版） ,12999,120Hz超感屏，3K分辨率，兰博基尼定制,http://detail.zol.com.cn/cell_phone/index1313858.shtml,OPPO,http://detail.zol.com.cn/1314/1313858/review.shtml,2
1781800,OPPO Reno 10 Pro 星籁版（16GB/512GB ） ,3899,超光影人像，天玑8200旗舰芯片，100W超级快充,http://detail.zol.com.cn/cell_phone/index1781800.shtml,OPPO,http://detail.zol.com.cn/1782/1781800/review.shtml,187
1432872,OPPO A98 ,0,CPU型号:高通 骁龙480 CPU核心数:八核 RAM容量:8GB ROM容量:256GB 电池容量:4690mAh 有线充电:67w 前置摄像头1 前置摄像头:1600万像素,http://detail.zol.com.cn/cell_phone/index1432872.shtml,OPPO,,0
1379530,OPPO Reno6 Pro+（128GB/256GB/全网通/5G版/名侦探柯南限定版） ,4499,高通骁龙870，5000万像素四摄，65w超级快充，90Hz OLED显示屏,http://detail.zol.com.cn/cell_phone/index1379530.shtml,OPPO,http://detail.zol.com.cn/1380/1379530/review.shtml,1102
1357535,OPPO K7x（8GB/256GB/全网通/5G版） ,1999,5000mAh长续航，90Hz电竞屏，4800万四摄，30W闪充,http://detail.zol.com.cn/cell_phone/index1357535.shtml,OPPO,http://detail.zol.com.cn/1358/1357535/review.shtml,3733
1342497,OPPO Reno Flip（全网通/5G版） ,0,主屏尺寸:6.43英寸 屏幕类型:折叠屏 主屏材质:AMOLED 出厂系统内核:Android 10 主屏分辨率:2400x1080像素 5G网络:移动5G（NR TDD），联通5G（NR TDD），电信 5G（NR TDD） 4G网络:移动TD-LTE，联通TD-LTE，联通FDD-LTE，电信TD-LTE，电信FDD-LTE,http://detail.zol.com.cn/cell_phone/index1342497.shtml,OPPO,,0
1440700,OPPO K10 活力版（8GB/128GB） ,1728,骁龙778G，6.59英寸，120Hz高刷,http://detail.zol.com.cn/cell_phone/index1440700.shtml,OPPO,http://detail.zol.com.cn/1441/1440700/review.shtml,2
1403899,OPPO K10 Pro（12GB/256GB） ,3199,高通骁龙888移动平台，80W超级闪充，索尼IMX766主摄，120Hz OLED E4屏,http://detail.zol.com.cn/cell_phone/index1403899.shtml,OPPO,http://detail.zol.com.cn/1404/1403899/review.shtml,185
1325348,OPPO A92s（8GB/256GB/全网通/5G版） ,1899,120Hz刷新率，后置4800W四摄，侧边指纹,http://detail.zol.com.cn/cell_phone/index1325348.shtml,OPPO,http://detail.zol.com.cn/1326/1325348/review.shtml,64
1429146,OPPO A17（4GB/64GB） ,0,联发科 Helio G35，6.56 英寸屏幕，60Hz 刷新率,http://detail.zol.com.cn/cell_phone/index1429146.shtml,OPPO,http://detail.zol.com.cn/1430/1429146/review.shtml,2
1362658,OPPO Find X3 Pro（8GB/256GB/全网通/5G版） ,4999,骁龙888，10亿色双主摄，10亿色臻彩屏，全链路10bit色彩引擎，未来流线设计，65W超级闪充,http://detail.zol.com.cn/cell_phone/index1362658.shtml,OPPO,http://detail.zol.com.cn/1363/1362658/review.shtml,3544
1351201,OPPO Reno5 Pro（8GB/128GB/全网通/5G版/新年版） ,3399,3200万水光镜，6400万水光人像四摄，AI精致证件照,http://detail.zol.com.cn/cell_phone/index1351201.shtml,OPPO,http://detail.zol.com.cn/1352/1351201/review.shtml,2220
1357533,OPPO K7x（8GB/128GB/全网通/5G版） ,1699,5000mAh长续航，90Hz电竞屏，4800万四摄，30W闪充,http://detail.zol.com.cn/cell_phone/index1357533.shtml,OPPO,http://detail.zol.com.cn/1358/1357533/review.shtml,3733
1361654,OPPO Find X3 Neo（全网通/5G版） ,0,主屏尺寸:6.5英寸 屏幕类型:全面屏 主屏材质:AMOLED 出厂系统内核:Android 11 主屏分辨率:2400x1080像素 HDR技术:HDR 10+ CPU型号:高通 骁龙865,http://detail.zol.com.cn/cell_phone/index1361654.shtml,OPPO,http://detail.zol.com.cn/1362/1361654/review.shtml,1
1391368,OPPO K9s（6GB/128GB/全网通/5G版） ,1699,高通骁龙778G处理器，120Hz电竞屏，X轴线性马达,http://detail.zol.com.cn/cell_phone/index1391368.shtml,OPPO,http://detail.zol.com.cn/1392/1391368/review.shtml,7051
1432749,OPPO A58（6GB/128GB） ,0,90Hz高刷，5000万像素，天玑700,http://detail.zol.com.cn/cell_phone/index1432749.shtml,OPPO,http://detail.zol.com.cn/1433/1432749/review.shtml,152
1403900,OPPO K10 Pro（8GB/128GB） ,2499,高通骁龙888移动平台，80W超级闪充，索尼IMX766主摄，120Hz OLED E4屏,http://detail.zol.com.cn/cell_phone/index1403900.shtml,OPPO,http://detail.zol.com.cn/1404/1403900/review.shtml,185
1440699,OPPO K10 活力版（8GB/256GB） ,1888,骁龙778G，6.59英寸，120Hz高刷,http://detail.zol.com.cn/cell_phone/index1440699.shtml,OPPO,http://detail.zol.com.cn/1441/1440699/review.shtml,2
1403968,OPPO A55s（6GB/128GB） ,1099,5000mAh电池，后置AI三摄，天玑700,http://detail.zol.com.cn/cell_phone/index1403968.shtml,OPPO,http://detail.zol.com.cn/1404/1403968/review.shtml,833
1365702,OPPO A74（6GB/128GB/全网通/5G版） ,0,骁龙480，后置四摄，5000mAh电池,http://detail.zol.com.cn/cell_phone/index1365702.shtml,OPPO,,0
1297922,OPPO AX5s（3GB/64GB/全网通） ,6990,屏幕类型:全面屏（水滴屏） 主屏尺寸:6.2英寸 主屏分辨率:1520x720像素 屏幕像素密度:271ppi CPU型号:联发科 MT6765 4G网络:移动TD-LTE，联通TD-LTE，联通FDD-LTE，电信TD-LTE，电信FDD-LTE SIM卡类型:双卡（2+1卡槽，双Nano-Sim卡+micro-SD卡）,http://detail.zol.com.cn/cell_phone/index1297922.shtml,OPPO,,0
1393082,OPPO A11s（4GB/128GB/全网通） ,999,高通骁龙460处理器，5000mAh超大容量电池，18w疾速快充，90Hz护眼屏,http://detail.zol.com.cn/cell_phone/index1393082.shtml,OPPO,http://detail.zol.com.cn/1394/1393082/review.shtml,2002
1366091,OPPO Reno5 Z（8GB/128GB/全网通/5G版） ,0,33W快速充电，四摄像头，4220mAh电池,http://detail.zol.com.cn/cell_phone/index1366091.shtml,OPPO,,0
1361992,OPPO A94（8GB/128GB/全网通） ,0,30W快充，4310mAh电池，后置四摄,http://detail.zol.com.cn/cell_phone/index1361992.shtml,OPPO,,0
1353066,OPPO Reno5 Pro+（12GB/256GB/全网通/5G版/艺术家限定版） ,4499,骁龙865，65W超级闪充，IMX766传感器,http://detail.zol.com.cn/cell_phone/index1353066.shtml,OPPO,http://detail.zol.com.cn/1354/1353066/review.shtml,1874
1395338,OPPO Reno7 Pro 英雄联盟手游限定版（12GB/256GB/全网通/5G版） ,3999,天玑1200 MAX处理器，超感光猫眼镜头，航天级星雨光刻工艺，65W超级闪充,http://detail.zol.com.cn/cell_phone/index1395338.shtml,OPPO,http://detail.zol.com.cn/1396/1395338/review.shtml,2317
1319794,OPPO Find X2 Lite（8GB/128GB/全网通/5G版） ,3800,骁龙765G，30W快充，后置四摄,http://detail.zol.com.cn/cell_phone/index1319794.shtml,OPPO,http://detail.zol.com.cn/1320/1319794/review.shtml,1
1306802,OPPO Reno3 Pro（8GB/128GB/全网通/5G版/Pantone经典蓝定制版）  ,3699,VOOC 闪充 4.0，视频超级双防抖，7.7mm 超轻薄机身，骁龙765G，2020年度代表色,http://detail.zol.com.cn/cell_phone/index1306802.shtml,OPPO,http://detail.zol.com.cn/1307/1306802/review.shtml,193
1429350,OPPO A77s ,0,CPU型号:高通 骁龙625（MSM8953） CPU核心数:八核 RAM容量:3GB ROM容量:32GB 电池容量:5000mAh 后置摄像头1 后置摄像头:5000万像素 有线充电:33w,http://detail.zol.com.cn/cell_phone/index1429350.shtml,OPPO,,0
1427950,OPPO A72 6GB+128GB（全网通/5G版） ,0,超薄拍照游戏手机，双模5G，90Hz全面屏，7.9mm超薄,http://detail.zol.com.cn/cell_phone/index1427950.shtml,OPPO,http://detail.zol.com.cn/1428/1427950/review.shtml,900
1357761,OPPO Find X3 Lite（全网通/5G版） ,0,主屏尺寸:6.44英寸 屏幕类型:全面屏（极点屏） 主屏材质:AMOLED 出厂系统内核:Android 11 主屏分辨率:2400x1080像素 屏幕像素密度:409ppi HDR技术:HDR 10+,http://detail.zol.com.cn/cell_phone/index1357761.shtml,OPPO,,0
1363723,OPPO A15s（4GB/64GB/全网通） ,0,屏幕类型:全面屏（水滴屏） 主屏尺寸:6.52英寸 出厂系统内核:Android 10 主屏材质:LCD 主屏分辨率:1600x720像素 屏幕像素密度:269ppi CPU型号:联发科 Helio P35（MT6765）,http://detail.zol.com.cn/cell_phone/index1363723.shtml,OPPO,,0
1364211,OPPO Reno5 Lite（全网通/5G版） ,0,屏幕类型:全面屏 主屏尺寸:6.43英寸 出厂系统内核:Android 11 主屏材质:OLED 主屏分辨率:2400x1080像素 CPU型号:联发科 天玑 800U 5G网络:移动5G（NR TDD），联通5G（NR TDD），电信5G（NR TDD）,http://detail.zol.com.cn/cell_phone/index1364211.shtml,OPPO,,0
1339480,OPPO F17（全网通） ,0,主屏尺寸:6.44英寸 屏幕类型:全面屏（18:9水滴屏） 主屏材质:Super AMOLED 出厂系统内核:Android 10 主屏分辨率:2400x1080像素 CPU型号:高通 骁龙662 4G网络:移动TD-LTE，联通TD-LTE，联通FDD-LTE，电信TD-LTE，电信FDD-LTE,http://detail.zol.com.cn/cell_phone/index1339480.shtml,OPPO,,0
1407215,OPPO Reno8 SE ,0,屏幕尺寸:6.43英寸 屏幕材质:AMOLED 分辨率:2400x1080像素 屏幕类型:全面屏（左上挖孔屏） HDR技术:HDR 10+ CPU型号:高通 骁龙695 CPU核心数:八核,http://detail.zol.com.cn/cell_phone/index1407215.shtml,OPPO,,0
1427956,OPPO A72 6GB+256GB（全网通/5G版） ,0,,http://detail.zol.com.cn/cell_phone/index1427956.shtml,OPPO,http://detail.zol.com.cn/1428/1427956/review.shtml,900
1361269,OPPO F19 Pro（全网通） ,0,屏幕类型:全面屏（18:9极点屏） 主屏尺寸:6.4英寸 出厂系统内核:ColorOS 11.1（基于Android 11） 主屏材质:AMOLED 主屏分辨率:2400x1080像素 屏幕像素密度:411ppi CPU型号:联发科 Helio P95,http://detail.zol.com.cn/cell_phone/index1361269.shtml,OPPO,,0
1395198,OPPO F21 ,0,主屏尺寸:6.4英寸 屏幕类型:全面屏（18:9极点屏） 出厂系统内核:ColorOS 11.1（基于Android 11） 主屏材质:AMOLED 主屏分辨率:2400x1080像素 屏幕像素密度:411ppi CPU型号:联发科 Helio P95,http://detail.zol.com.cn/cell_phone/index1395198.shtml,OPPO,,0
1429147,OPPO A17s ,0,CPU型号:联发科 Helio P35（MT6765） CPU核心数:八核 RAM容量:4GB ROM容量:64GB 电池容量:4100mAh 后置摄像头1 后置摄像头:1300万像素 有线充电:10w(5V/2A),http://detail.zol.com.cn/cell_phone/index1429147.shtml,OPPO,,0
1339709,OPPO F17 Pro（全网通） ,0,主屏尺寸:6.44英寸 屏幕类型:全面屏（18:9极点屏） 主屏材质:Super AMOLED 出厂系统内核:Android 10 主屏分辨率:2400x1080像素 CPU型号:联发科 Helio P95 4G网络:移动TD-LTE，联通TD-LTE，联通FDD-LTE，电信TD-LTE，电信FDD-LTE,http://detail.zol.com.cn/cell_phone/index1339709.shtml,OPPO,,0
1361271,OPPO F19 Pro+（全网通/5G版） ,0,主屏尺寸:6.4英寸 屏幕类型:全面屏（18:9极点屏） 主屏材质:AMOLED 出厂系统内核:Android 11 CPU型号:联发科 天玑800U 5G网络:移动5G（NR TDD），联通5G（NR TDD），电信5G（NR TDD） 4G网络:移动TD-LTE，联通TD-LTE，联通FDD-LTE，电信TD-LTE，电信FDD-LTE,http://detail.zol.com.cn/cell_phone/index1361271.shtml,OPPO,,0
2002551,OPPO K12(12GB/512GB) ,2499,超抗摔金刚石架构，5500mAh超长续航，第三代骁龙7旗舰芯,http://detail.zol.com.cn/cell_phone/index2002551.shtml,OPPO,,0
2002550,OPPO K12(12GB/256GB) ,2099,超抗摔金刚石架构，5500mAh超长续航，第三代骁龙7旗舰芯,http://detail.zol.com.cn/cell_phone/index2002550.shtml,OPPO,,0
1233423,OPPO K1（4GB RAM/全网通） ,1099,AI智能双摄，3D渐变机身，水滴屏，光感屏幕指纹,http://detail.zol.com.cn/cell_phone/index1233423.shtml,OPPO,http://detail.zol.com.cn/1234/1233423/review.shtml,769
1291966,OPPO Reno A（全网通） ,暂无报价,屏幕类型:全面屏 主屏尺寸:6.5英寸 主屏材质:AMOLED CPU型号:高通 骁龙710 4G网络:移动TD-LTE，联通TD-LTE，联通FDD-LTE，电信TD-LTE，电信FDD-LTE SIM卡类型:双卡，Nano-SIM卡/Nano-USIM卡 RAM容量:6GB,http://detail.zol.com.cn/cell_phone/index1291966.shtml,OPPO,,0
1290979,OPPO Find Y（全网通） ,暂无报价,主屏尺寸:0英寸 出厂系统内核:Android 9.0 CPU型号:高通 骁龙 4G网络:移动TD-LTE，FDD-LTE（仅限国际漫游） 电池类型:不可拆卸式电池 上市日期:2019年 手机类型:5G手机，4G手机，3G手机，智能手机，快充手机，平板手机，游戏手机,http://detail.zol.com.cn/cell_phone/index1290979.shtml,OPPO,,0
1222890,OPPO A3s（全网通） ,暂无报价,主屏尺寸:6.2英寸 操作系统:ColorOS 5.1（基于Android 8.1） 主屏分辨率:1520x720像素 屏幕像素密度:271ppi 4G网络:移动TD-LTE，联通TD-LTE，联通FDD-LTE，电信TD-LTE，电信FDD-LTE 其他屏幕参数:全面屏 CPU型号:高通 骁龙450,http://detail.zol.com.cn/cell_phone/index1222890.shtml,OPPO,,0
1255249,OPPO Find Z（全网通） ,暂无报价,主屏尺寸:5.5英寸 操作系统:Android 6.0 主屏分辨率:2560x1600像素 屏幕像素密度:549ppi 4G网络:移动TD-LTE，FDD-LTE（仅限国际漫游） SIM卡类型:Micro SIM卡 CPU型号:高通 骁龙855,http://detail.zol.com.cn/cell_phone/index1255249.shtml,OPPO,http://detail.zol.com.cn/1256/1255249/review.shtml,2
1257077,OPPO F11 Pro（全网通） ,暂无报价,主屏尺寸:6.4英寸 操作系统:Android 9 4G网络:移动TD-LTE，联通TD-LTE，联通FDD-LTE，电信TD-LTE，电信FDD-LTE 其他屏幕参数:全面屏 SIM卡类型:双卡，Nano SIM卡 CPU型号:联发科 SoC RAM容量:6GB,http://detail.zol.com.cn/cell_phone/index1257077.shtml,OPPO,http://detail.zol.com.cn/1258/1257077/review.shtml,1
1266011,OPPO A7n ,1499,主屏尺寸:6.2英寸 屏幕类型:全面屏（18:9水滴屏） 主屏分辨率:1520x720像素 屏幕像素密度:271ppi CPU型号:MTK MT6765 4G网络:移动TD-LTE，联通TD-LTE，联通FDD-LTE，电信TD-LTE，电信FDD-LTE 其他屏幕参数:全面屏,http://detail.zol.com.cn/cell_phone/index1266011.shtml,OPPO,http://detail.zol.com.cn/1267/1266011/review.shtml,1
1272300,OPPO A5s（全网通）  ,暂无报价,屏幕类型:全面屏（水滴屏） 主屏尺寸:6.2英寸 出厂系统内核:Android 8.1 主屏分辨率:1520x720像素 屏幕像素密度:271ppi CPU型号:联发科 MT6765 4G网络:移动TD-LTE，联通TD-LTE，联通FDD-LTE，电信TD-LTE，电信FDD-LTE,http://detail.zol.com.cn/cell_phone/index1272300.shtml,OPPO,http://detail.zol.com.cn/1273/1272300/review.shtml,1
1278832,OPPO A1s（全网通） ,暂无报价,屏幕类型:全面屏（18:9水滴屏） 主屏尺寸:5.7英寸 出厂系统内核:ColorOS（基于Android 7.1） 主屏材质:TFT 主屏分辨率:1440x720像素 屏幕像素密度:282ppi CPU型号:联发科 MT6763T,http://detail.zol.com.cn/cell_phone/index1278832.shtml,OPPO,,0
1249737,OPPO F10 Pro（全网通） ,暂无报价,主屏尺寸:6.42英寸 主屏材质:AMOLED 操作系统:Color OS 5.1（基于Android 8.1） 主屏分辨率:2340x1080像素 屏幕像素密度:401ppi 4G网络:移动TD-LTE，联通TD-LTE，联通FDD-LTE，电信TD-LTE，电信FDD-LTE 其他屏幕参数:全面屏,http://detail.zol.com.cn/cell_phone/index1249737.shtml,OPPO,http://detail.zol.com.cn/1250/1249737/review.shtml,1
1361248,OPPO A74（全网通） ,暂无报价,屏幕类型:全面屏（极点屏） 主屏尺寸:6.5英寸 出厂系统内核:Android 10 主屏材质:LCD 主屏分辨率:2400x1080像素 CPU型号:高通 骁龙662 4G网络:移动TD-LTE，联通TD-LTE，联通FDD-LTE，电信TD-LTE，电信FDD-LTE,http://detail.zol.com.cn/cell_phone/index1361248.shtml,OPPO,,0
1209152,OPPO F7（全网通） ,暂无报价,主屏尺寸:6.2英寸 4G网络:移动TD-LTE，联通TD-LTE，联通FDD-LTE，电信TD-LTE，电信FDD-LTE 其他屏幕参数:全面屏 CPU型号:高通 骁龙670 前置摄像头:2500万像素 闪光灯:LED补光灯 传感器类型:CMOS,http://detail.zol.com.cn/cell_phone/index1209152.shtml,OPPO,http://detail.zol.com.cn/1210/1209152/review.shtml,3
1207284,OPPO 可折叠手机（全网通） ,暂无报价,主屏尺寸:0英寸 4G网络:移动TD-LTE，联通TD-LTE，联通FDD-LTE，电信TD-LTE，电信FDD-LTE 闪光灯:LED补光灯 传感器类型:CMOS 上市日期:2019年 手机类型:4G手机，3G手机，智能手机，折叠手机 窄边框:0mm,http://detail.zol.com.cn/cell_phone/index1207284.shtml,OPPO,http://detail.zol.com.cn/1208/1207284/review.shtml,4
1290003,OPPO Reno2F（全网通） ,暂无报价,屏幕类型:全面屏 主屏尺寸:6.53英寸 出厂系统内核:ColorOS 6（基于Android 9 Pie） 主屏材质:AMOLED 主屏分辨率:2340x1080像素 CPU型号:联发科 Helio P70 4G网络:移动TD-LTE，联通TD-LTE，联通FDD-LTE，电信TD-LTE，电信FDD-LTE,http://detail.zol.com.cn/cell_phone/index1290003.shtml,OPPO,,0
1399094,OPPO Find X3（8GB/128GB/全网通/5G版） 复制 ,暂无报价,屏幕类型:全面屏（极点屏） 主屏尺寸:6.7英寸 出厂系统内核:Android 11 主屏材质:AMOLED 主屏分辨率:3216x1440像素 屏幕像素密度:525ppi HDR技术:HDR 10+,http://detail.zol.com.cn/cell_phone/index1399094.shtml,OPPO,,0
1183683,OPPO MIX（全网通） ,暂无报价,主屏尺寸:0英寸 主屏材质:AMOLED 4G网络:移动TD-LTE，联通TD-LTE，联通FDD-LTE，电信TD-LTE，电信FDD-LTE 操作系统:Android 7.1 核心数:八核 CPU型号:高通 骁龙835（MSM8998） CPU频率:2.45GHz（大四核），1.9GHz（小四核）,http://detail.zol.com.cn/cell_phone/index1183683.shtml,OPPO,http://detail.zol.com.cn/1184/1183683/review.shtml,2
1273748,OPPO Reno（5G版/全网通） ,暂无报价,5G手机，全景屏，4800万超清像素,http://detail.zol.com.cn/cell_phone/index1273748.shtml,OPPO,http://detail.zol.com.cn/1274/1273748/review.shtml,2
1214344,OPPO R15s（全网通） ,暂无报价,主屏尺寸:6.2英寸 操作系统:Android 8.1 主屏材质:TFT材质 主屏分辨率:1520x720像素 屏幕像素密度:271ppi 4G网络:移动TD-LTE，联通TD-LTE，联通FDD-LTE，电信TD-LTE，电信FDD-LTE SIM卡类型:双卡，Nano SIM卡,http://detail.zol.com.cn/cell_phone/index1214344.shtml,OPPO,http://detail.zol.com.cn/1215/1214344/review.shtml,5
1248873,OPPO R19（全网通） ,暂无报价,主屏尺寸:6.4英寸 操作系统:ColorOS 5.2（基于Android 8.1） 主屏分辨率:2340x1080像素 4G网络:移动TD-LTE，联通TD-LTE，联通FDD-LTE，电信TD-LTE，电信FDD-LTE 其他屏幕参数:全面屏 SIM卡类型:双卡，Nano SIM卡 CPU型号:高通 骁龙725,http://detail.zol.com.cn/cell_phone/index1248873.shtml,OPPO,http://detail.zol.com.cn/1249/1248873/review.shtml,1
1248878,OPPO R19 Pro（全网通） ,暂无报价,屏幕尺寸:6.4英寸 分辨率:2340x1080像素 屏幕类型:全面屏（中置挖孔屏） CPU型号:高通 骁龙725 CPU核心数:八核 RAM容量:8GB ROM容量:256GB,http://detail.zol.com.cn/cell_phone/index1248878.shtml,OPPO,,0
1228346,OPPO F9 Pro（全网通） ,暂无报价,主屏尺寸:6.3英寸 操作系统:Color OS 5.2（基于Android 8.0） 4G网络:移动TD-LTE，联通TD-LTE，联通FDD-LTE，电信TD-LTE，电信FDD-LTE 其他屏幕参数:全面屏 CPU型号:联发科 Helio P60 CPU频率:2.0GHz 核心数:八核,http://detail.zol.com.cn/cell_phone/index1228346.shtml,OPPO,,0
1224911,OPPO F9（全网通） ,暂无报价,主屏尺寸:0英寸 CPU型号:联发科 Helio P60（MT6771） 4G网络:移动TD-LTE，联通TD-LTE，联通FDD-LTE，电信TD-LTE，电信FDD-LTE 其他屏幕参数:全面屏 CPU频率:2.0GHz 核心数:八核 电池类型:不可拆卸式电池,http://detail.zol.com.cn/cell_phone/index1224911.shtml,OPPO,http://detail.zol.com.cn/1225/1224911/review.shtml,1
1285648,OPPO 瀑布屏手机 ,暂无报价,屏幕类型:全面屏（19.5:9） 主屏尺寸:6.42英寸 出厂系统内核:Android 8.1 主屏材质:AMOLED 主屏分辨率:2340x1080像素 CPU型号:高通 骁龙845 4G网络:移动TD-LTE，联通TD-LTE，联通FDD-LTE，电信TD-LTE，电信FDD-LTE,http://detail.zol.com.cn/cell_phone/index1285648.shtml,OPPO,,0
389268,OPPO Find 9（移动4G） ,暂无报价,红外手势识别，NFC无线通讯,http://detail.zol.com.cn/cell_phone/index389268.shtml,OPPO,http://detail.zol.com.cn/390/389268/review.shtml,155
1292109,OPPO Reno Ace（8GB/128GB/全网通） ,3299,Supervooc超级闪充2.0，90HZ电竞屏，骁龙855+,http://detail.zol.com.cn/cell_phone/index1292109.shtml,OPPO,http://detail.zol.com.cn/1293/1292109/review.shtml,199
1261155,OPPO Reno（6GB RAM/128GB/全网通） ,1999,全景屏，4800万超清像素，支持NFC，VOOC 3.0,http://detail.zol.com.cn/cell_phone/index1261155.shtml,OPPO,http://detail.zol.com.cn/1262/1261155/review.shtml,303
391644,OPPO 1105（电信4G） ,810,电信4G网络，向下兼容电信3G网络,http://detail.zol.com.cn/cell_phone/index391644.shtml,OPPO,http://detail.zol.com.cn/392/391644/review.shtml,356
391647,OPPO 1107（移动4G） ,798,移动4G网络，向下兼容移动3G网络,http://detail.zol.com.cn/cell_phone/index391647.shtml,OPPO,http://detail.zol.com.cn/392/391647/review.shtml,356
391649,OPPO 1100（联通4G） ,698,联通4G网络，向下兼容联通3G网络,http://detail.zol.com.cn/cell_phone/index391649.shtml,OPPO,http://detail.zol.com.cn/392/391649/review.shtml,356
391703,OPPO U3（6607/移动4G） ,1699,加入了AK4961音频降噪芯片，播放音乐时有顶尖的降噪和失真控制，搭载VOOC闪充技术，加入前置柔光,http://detail.zol.com.cn/cell_phone/index391703.shtml,OPPO,http://detail.zol.com.cn/392/391703/review.shtml,108
392581,OPPO 3007（移动4G） ,1299,主打拍照功能，得益于搭载PI原画引擎2.0+，拥有诸多有趣的拍照功能，内置智能遥控2.0+,http://detail.zol.com.cn/cell_phone/index392581.shtml,OPPO,http://detail.zol.com.cn/393/392581/review.shtml,163
1293959,OPPO A11x（8GB/128GB/全网通） ,1599,4800万主摄，超大广角，视频防抖，智慧美颜,http://detail.zol.com.cn/cell_phone/index1293959.shtml,OPPO,http://detail.zol.com.cn/1294/1293959/review.shtml,82
304023,OPPO T703 ,1998,手机类型:智能手机，时尚手机 上市日期:2011年 主屏尺寸:3.2英寸 外观设计:直板 触摸屏:电容屏，多点触控 主屏分辨率:480x320像素 网络模式:GSM,http://detail.zol.com.cn/cell_phone/index304023.shtml,OPPO,http://detail.zol.com.cn/305/304023/review.shtml,95
1170998,OPPO R9sk（全网通） ,2599,微缝天线，固态指纹按钮，VOOC闪充，双核对焦,http://detail.zol.com.cn/cell_phone/index1170998.shtml,OPPO,http://detail.zol.com.cn/1171/1170998/review.shtml,1124
1171067,OPPO A77（4GB RAM/全网通） ,799,前置背景虚化2.0，指纹识别，前置 HDR，快捷支付,http://detail.zol.com.cn/cell_phone/index1171067.shtml,OPPO,http://detail.zol.com.cn/1172/1171067/review.shtml,238
332882,OPPO X909（Find 5/16GB） ,2598,5英寸1080P机型，支持Color ROM固件，不支持存储卡扩展,http://detail.zol.com.cn/cell_phone/index332882.shtml,OPPO,http://detail.zol.com.cn/333/332882/review.shtml,1290
1232384,OPPO A7（4GB RAM/全网通） ,1499,全面屏，面部识别，游戏加速，OPPO互传,http://detail.zol.com.cn/cell_phone/index1232384.shtml,OPPO,http://detail.zol.com.cn/1233/1232384/review.shtml,295
390990,OPPO R5（R8107/移动4G） ,2999,4.85毫米超薄拍照手机，64位骁龙615处理器，冰巢散热系统，耳机和USB线共用一个数据接口,http://detail.zol.com.cn/cell_phone/index390990.shtml,OPPO,http://detail.zol.com.cn/391/390990/review.shtml,214
1291146,OPPO Reno 10倍变焦版（12GB/256GB/全网通/5G版）  ,0,屏幕类型:全面屏 主屏尺寸:6.6英寸 主屏材质:AMOLED 出厂系统内核:ColorOS 6（基于Android 9） 主屏分辨率:2340x1080像素 CPU型号:高通 骁龙855 Plus 5G网络:移动5G（NR TDD），联通5G（NR TDD），电信 5G（NR TDD）,http://detail.zol.com.cn/cell_phone/index1291146.shtml,OPPO,http://detail.zol.com.cn/1292/1291146/review.shtml,1
240198,OPPO A121 ,1098,OPPO A121采用直板造型，三围达到113.8x49.6x13.8毫米，重102克体型不算大，配合整机的配色显得很有活力。正面是一块2.4英寸的QVGA屏幕，不过它只是一部900/1800MHz双频2G手机。环顾OPPO A121的四周，我们发现接口布局得有张有弛，比较合理。左右两侧靠上的位置分别为音量调节与播放器快捷键，这样在听音乐时，可以很方便地控制音量。机身右侧靠下位置，设计有拍照用相机快门，方便用户横屏取景拍摄。也正因为这样，所以才没有在左侧下端设计任何接口按钮。,http://detail.zol.com.cn/cell_phone/index240198.shtml,OPPO,http://detail.zol.com.cn/241/240198/review.shtml,31
1230724,OPPO A7x（全网通） ,1600,AI智能双摄，全面屏，手势拍照，指纹识别,http://detail.zol.com.cn/cell_phone/index1230724.shtml,OPPO,http://detail.zol.com.cn/1231/1230724/review.shtml,234
1230746,OPPO A7x（移动全网通） ,1600,AI智能双摄，全面屏，手势拍照，指纹识别,http://detail.zol.com.cn/cell_phone/index1230746.shtml,OPPO,http://detail.zol.com.cn/1231/1230746/review.shtml,234
393410,OPPO 3005（电信4G） ,899,电信4G网络，向下兼容电信3G网络,http://detail.zol.com.cn/cell_phone/index393410.shtml,OPPO,http://detail.zol.com.cn/394/393410/review.shtml,163
304969,OPPO A129 ,1298,手机类型:时尚手机 上市日期:2011年11月 外观设计:直板 主屏尺寸:2.75英寸 主屏分辨率:400x240像素 网络模式:GSM 电池容量:900mAh,http://detail.zol.com.cn/cell_phone/index304969.shtml,OPPO,http://detail.zol.com.cn/305/304969/review.shtml,7
1336132,OPPO Reno4 Pro（12GB/256GB/全网通/5G版/艺术家限定版） ,4299,双模5G，超级夜景视频，视频防抖3.0，65W超级闪充，90Hz高感曲面屏，超级省电模式,http://detail.zol.com.cn/cell_phone/index1336132.shtml,OPPO,http://detail.zol.com.cn/1337/1336132/review.shtml,184
1275905,OPPO K3（8GB/128GB/全网通） ,1799,高通骁龙710，升降摄像头，VOOC闪充,http://detail.zol.com.cn/cell_phone/index1275905.shtml,OPPO,http://detail.zol.com.cn/1276/1275905/review.shtml,74
1275930,OPPO K3（8GB/256GB/全网通） ,2299,全面屏（18:9），3.5mm耳机接口，升降前置摄像头，GameBoost2.0,http://detail.zol.com.cn/cell_phone/index1275930.shtml,OPPO,http://detail.zol.com.cn/1276/1275930/review.shtml,74
190076,OPPO A105 ,1260,外观设计:直板 手机制式:GSM 支持频段:GSM 900/1800MHz 屏幕色彩:26万色 主屏参数:240×320像素 手机类型:音乐手机 摄像头像素:200万像素 理论待机时间:300小时,http://detail.zol.com.cn/cell_phone/index190076.shtml,OPPO,http://detail.zol.com.cn/191/190076/review.shtml,7
190080,OPPO A105K ,1398,外观设计:直板 手机制式:GSM 支持频段:GSM 900/1800MHz 屏幕色彩:26万色 主屏参数:240×320像素 手机类型:音乐手机 摄像头像素:200万像素 理论待机时间:300小时,http://detail.zol.com.cn/cell_phone/index190080.shtml,OPPO,http://detail.zol.com.cn/191/190080/review.shtml,26
342231,OPPO X909（Find 5/32GB） ,2998,非定制版OPPO Find 5，32GB ROM容量版本,http://detail.zol.com.cn/cell_phone/index342231.shtml,OPPO,http://detail.zol.com.cn/343/342231/review.shtml,1290
228427,OPPO A115 ,898,手机类型:音乐手机，女性手机 上市日期:2009年12月 外观设计:直板 主屏尺寸:2.4英寸 主屏分辨率:240×320像素 网络模式:GSM 电池容量:850mAh,http://detail.zol.com.cn/cell_phone/index228427.shtml,OPPO,http://detail.zol.com.cn/229/228427/review.shtml,19
377157,OPPO R1S（R8007/移动4G） ,1519,OPPO R1S延续了R1简约时尚的风格，后置摄像头提至1300万像素，OPPO旗下发布的第二款4G手机,http://detail.zol.com.cn/cell_phone/index377157.shtml,OPPO,http://detail.zol.com.cn/378/377157/review.shtml,756
378793,OPPO Find 7（X9000/轻装版/联通4G） ,1999,联通4G网络轻装版/1080p屏幕，2.3GHz高通骁龙800处理器，2GB+16GB内存组合,http://detail.zol.com.cn/cell_phone/index378793.shtml,OPPO,http://detail.zol.com.cn/379/378793/review.shtml,1479
234134,OPPO U525 ,1398,上市日期:2010年03月 手机类型:音乐手机，社交手机，女性手机 外观设计:翻盖 主屏尺寸:3.2英寸 主屏分辨率:432x240像素 网络模式:GSM 电池容量:1000mAh,http://detail.zol.com.cn/cell_phone/index234134.shtml,OPPO,http://detail.zol.com.cn/235/234134/review.shtml,57
203222,OPPO A90 ,899,采用常见的直板造型，但精湛的工艺令人刮目相看。拉丝处理的机身正面，很好地避免了指纹的烦扰；小巧却手感极佳的按键，图释直观且不会产生误操作。简单的第一眼，就可以预见这款手机不俗的操作体验。环顾四周，还是同样的理念“简约”。设计者仅仅是在机身底部用于扩展的MiniUSB数据接口，以及麦克和挂绳孔，很好地保持了整机的完整度。另外通过观察发现，之所以这款A90被命名为“弧光蓝”，是因为机身四周以淡蓝色线条包裹，并与整机的灰色调相得益彰。,http://detail.zol.com.cn/cell_phone/index203222.shtml,OPPO,http://detail.zol.com.cn/204/203222/review.shtml,21
383762,OPPO Find 7（X9070/标准版/联通4G） ,2499,联通4G网络标准版/2K屏幕，2.5GHz高通骁龙801处理器，3GB+32GB内存组合,http://detail.zol.com.cn/cell_phone/index383762.shtml,OPPO,http://detail.zol.com.cn/384/383762/review.shtml,1479
353751,OPPO Find 7（X9077/标准版/移动4G） ,2499,五模十频双4G网络，但联通4G/3G限漫游使用，标准版配精细2K屏幕，搭载高通骁龙801处理器,http://detail.zol.com.cn/cell_phone/index353751.shtml,OPPO,http://detail.zol.com.cn/354/353751/review.shtml,1479
353966,OPPO U707T（U2S/移动版） ,1780,5.5英寸大屏，影音体验好，500万像素的前置摄像头，自拍随意方便，不支持容量扩展，电池可拆卸,http://detail.zol.com.cn/cell_phone/index353966.shtml,OPPO,http://detail.zol.com.cn/354/353966/review.shtml,243
354053,OPPO Ulike2（U705W/联通版） ,1998,联通定制版Ulike2，搭载联发科MT6577双核处理器,http://detail.zol.com.cn/cell_phone/index354053.shtml,OPPO,http://detail.zol.com.cn/355/354053/review.shtml,441
354118,OPPO X909（Find 5/联通版） ,2598,联通定制版OPPO Find 5，16GB/32GB ROM容量版本,http://detail.zol.com.cn/cell_phone/index354118.shtml,OPPO,http://detail.zol.com.cn/355/354118/review.shtml,1290
1220645,OPPO Find X兰博基尼版（全网通） ,9999,双曲面柔性屏，全隐藏式3D摄像头，VOOC闪充，3D面部识别,http://detail.zol.com.cn/cell_phone/index1220645.shtml,OPPO,http://detail.zol.com.cn/1221/1220645/review.shtml,553
1220675,OPPO Find X（国际版/全网通） ,0,VOOC闪充，3D面部识别，全隐藏式3D摄像头，3D叠层流光点彩工艺,http://detail.zol.com.cn/cell_phone/index1220675.shtml,OPPO,http://detail.zol.com.cn/1221/1220675/review.shtml,915
144532,OPPO A103 ,1048,外观设计:直板 手机制式:GSM 支持频段:GSM 900/1800MHz 屏幕色彩:26万色 主屏参数:240×320像素 手机类型:音乐手机 摄像头像素:130万像素 理论待机时间:200小时,http://detail.zol.com.cn/cell_phone/index144532.shtml,OPPO,http://detail.zol.com.cn/145/144532/review.shtml,12
261880,OPPO A209 ,1498,手机类型:音乐手机，拍照手机 上市日期:2010年12月 外观设计:滑盖 主屏尺寸:2.75英寸 主屏分辨率:400x240像素 网络模式:GSM 电池容量:1000mAh,http://detail.zol.com.cn/cell_phone/index261880.shtml,OPPO,http://detail.zol.com.cn/262/261880/review.shtml,22
204034,OPPO Z101 ,1398,外观设计:直板 手机制式:GSM 支持频段:GSM 900/1800/1900MHz 屏幕色彩:26万色 主屏参数:240×320像素 手机类型:音乐手机，时尚手机 摄像头像素:200万像素 理论待机时间:300小时,http://detail.zol.com.cn/cell_phone/index204034.shtml,OPPO,http://detail.zol.com.cn/205/204034/review.shtml,5
384484,OPPO R3（ZOL定制版） ,0,主屏尺寸:5英寸 主屏材质:TFT材质（IPS技术） 主屏分辨率:1280x720像素 屏幕像素密度:294ppi 网络类型:单卡 4G网络:移动TD-LTE 3G网络:移动3G（TD-SCDMA），联通2G/移动2G（GSM）,http://detail.zol.com.cn/cell_phone/index384484.shtml,OPPO,http://detail.zol.com.cn/385/384484/review.shtml,488
384497,OPPO R1S（R8000/联通4G） ,1799,OPPO R1S延续了R1简约时尚的风格，后置摄像头提至1300万像素，OPPO旗下发布的第二款4G手机,http://detail.zol.com.cn/cell_phone/index384497.shtml,OPPO,http://detail.zol.com.cn/385/384497/review.shtml,756
1221126,OPPO A5（4GB RAM/全网通） ,999,面部识别，智能相册，OPPO互传，全面屏,http://detail.zol.com.cn/cell_phone/index1221126.shtml,OPPO,http://detail.zol.com.cn/1222/1221126/review.shtml,438
1221131,OPPO A5（移动定制版/全网通）  ,0,面部识别，智能相册，OPPO互传,http://detail.zol.com.cn/cell_phone/index1221131.shtml,OPPO,http://detail.zol.com.cn/1222/1221131/review.shtml,438
1342884,OPPO Find X2（8GB/256GB/全网通/5G版/英雄联盟S10限定版） ,4999,120Hz超感屏，3K分辨率，10亿色显示，英雄联盟限定版,http://detail.zol.com.cn/cell_phone/index1342884.shtml,OPPO,http://detail.zol.com.cn/1343/1342884/review.shtml,193
1221830,OPPO Find X（超级闪充版/全网通）  ,5499,双曲面柔性屏，全隐藏式3D摄像头，VOOC闪充，3D面部识别,http://detail.zol.com.cn/cell_phone/index1221830.shtml,OPPO,http://detail.zol.com.cn/1222/1221830/review.shtml,915
385855,OPPO R2010（联通4G）  ,1250,联通4G网络，向下兼容联通3G网络,http://detail.zol.com.cn/cell_phone/index385855.shtml,OPPO,http://detail.zol.com.cn/386/385855/review.shtml,303
385857,OPPO R830S（联通4G） ,1099,联通4G网络版，向下兼容联通3G网络，单卡，1GB RAM，搭载Android 4.3操作系统，1.2GHz四核处理器,http://detail.zol.com.cn/cell_phone/index385857.shtml,OPPO,http://detail.zol.com.cn/386/385857/review.shtml,748
296191,OPPO U539 ,1998,手机类型:女性手机 上市日期:2011年09月 外观设计:翻盖 主屏尺寸:3.2英寸 主屏分辨率:432x240像素 网络类型:双卡单模 网络模式:GSM,http://detail.zol.com.cn/cell_phone/index296191.shtml,OPPO,http://detail.zol.com.cn/297/296191/review.shtml,16
356514,OPPO R821T（移动版） ,800,主屏尺寸:4.0英寸 主屏材质:IPS 主屏分辨率:800x480像素 屏幕像素密度:233ppi 网络类型:双卡双模 网络模式:GSM，TD-SCDMA 操作系统:Android OS 4.2,http://detail.zol.com.cn/cell_phone/index356514.shtml,OPPO,http://detail.zol.com.cn/357/356514/review.shtml,120
296847,OPPO A613 ,1498,手机类型:音乐手机，时尚手机 上市日期:2011年08月 外观设计:直板 主屏尺寸:3.2英寸 触摸屏:支持 主屏分辨率:400x240像素 网络模式:GSM,http://detail.zol.com.cn/cell_phone/index296847.shtml,OPPO,http://detail.zol.com.cn/297/296847/review.shtml,35
327585,OPPO U701 ,1600,上市日期:2012年06月 手机类型:3G手机，智能手机 外观设计:直板 主屏尺寸:4英寸 触摸屏:电容屏，多点触控 主屏分辨率:800x480像素 网络类型:双卡双模,http://detail.zol.com.cn/cell_phone/index327585.shtml,OPPO,http://detail.zol.com.cn/328/327585/review.shtml,88
295290,OPPO A617 ,1598,手机类型:音乐手机，时尚手机 上市日期:2011年09月 主屏尺寸:3.2英寸 外观设计:直板 触摸屏:支持 主屏分辨率:400x240像素 网络模式:GSM,http://detail.zol.com.cn/cell_phone/index295290.shtml,OPPO,http://detail.zol.com.cn/296/295290/review.shtml,20
388575,OPPO N3（N5207/移动4G） ,2699,首款电动旋转摄像头拍照手机，可以轻松实现自动全景、追踪趣拍等功能，支持指纹加密和VOOC闪充,http://detail.zol.com.cn/cell_phone/index388575.shtml,OPPO,http://detail.zol.com.cn/389/388575/review.shtml,224
148117,OPPO A109 ,1498,外观设计:直板 手机制式:GSM 支持频段:GSM 900/1800MHz 屏幕色彩:26万色 主屏参数:240×320像素 手机类型:时尚手机 摄像头像素:200万像素 和弦铃声:64和弦 理论待机时间:200小时 ,http://detail.zol.com.cn/cell_phone/index148117.shtml,OPPO,http://detail.zol.com.cn/149/148117/review.shtml,2
1295487,OPPO A11（4GB/128GB/全网通） ,1099,AI四摄，骁龙665移动平台，视频防抖,http://detail.zol.com.cn/cell_phone/index1295487.shtml,OPPO,http://detail.zol.com.cn/1296/1295487/review.shtml,174
1234956,OPPO R15x （全网通） ,1499,光感屏幕指纹，全面屏,http://detail.zol.com.cn/cell_phone/index1234956.shtml,OPPO,http://detail.zol.com.cn/1235/1234956/review.shtml,250
1203640,OPPO A79（全网通） ,970,VOOC闪充，18:9全面屏，面部识别，快速充电,http://detail.zol.com.cn/cell_phone/index1203640.shtml,OPPO,http://detail.zol.com.cn/1204/1203640/review.shtml,228
1143667,OPPO R9（双4G）  ,2499,美颜4.0，VOOC闪充技术，金属机身，超窄边框,http://detail.zol.com.cn/cell_phone/index1143667.shtml,OPPO,http://detail.zol.com.cn/1144/1143667/review.shtml,1315
1205003,OPPO A83 (全网通) ,1199,全面屏，面部识别，AI智能美颜,http://detail.zol.com.cn/cell_phone/index1205003.shtml,OPPO,http://detail.zol.com.cn/1206/1205003/review.shtml,32
1205054,OPPO A73（全网通） ,899,18:9超清全面屏，面部识别，OPPO互传，快速充电,http://detail.zol.com.cn/cell_phone/index1205054.shtml,OPPO,http://detail.zol.com.cn/1206/1205054/review.shtml,226
396944,OPPO 3000（联通4G） ,1399,联通4G网络，向下兼容联通3G网络,http://detail.zol.com.cn/cell_phone/index396944.shtml,OPPO,http://detail.zol.com.cn/397/396944/review.shtml,163
365412,OPPO R833T（移动版） ,1200,主屏尺寸:4.3英寸 主屏材质:IPS 主屏分辨率:800x480像素 屏幕像素密度:217ppi 运营商定制:中国移动 网络类型:双卡双模 网络模式:移动3G（TD-SCDMA），联通2G/移动2G（GSM）,http://detail.zol.com.cn/cell_phone/index365412.shtml,OPPO,http://detail.zol.com.cn/366/365412/review.shtml,184
397268,OPPO N3（N5209/双4G） ,3999,移动/联通双4G网络，向下兼容移动/联通双3G网络,http://detail.zol.com.cn/cell_phone/index397268.shtml,OPPO,http://detail.zol.com.cn/398/397268/review.shtml,224
309309,OPPO X905（Find 3） ,2880,继Find X903之后，OPPO又推出了一款Find系列新品OPPO Find 3，除了有外形上的改进，还有系统服务方面的升级， X905配备了高通MSM8260双核处理器，主频达到了1.5GHz，内存为1GB（RAM），内置16GB（ROM）的存储空间，800万像素后置与200万前置摄像头，支持1080P高清摄录，可以说，这为以后的升级做好了准备。这样的硬件配置和目前市面上主流的双核Android智能手机旗鼓相当,http://detail.zol.com.cn/cell_phone/index309309.shtml,OPPO,http://detail.zol.com.cn/310/309309/review.shtml,90
217660,OPPO A201 ,1298,虽然采用了从未有过尝试的滑盖设计，但A201的推和手感同样令人赞不绝口。同样为半自动设计，但与日韩系张力十足的风格迥然不同。OPPO A201的滑盖手感平顺而不松散，数字键两侧的滑盖轨道槽在保证了摩擦系数的同时，还营造出一种机械滑动的质感。并且在使用中无论以怎样的速度开合，系统响应都非常迅速，没有出现一次死机的情况，这样的表现令人相当满意。,http://detail.zol.com.cn/cell_phone/index217660.shtml,OPPO,http://detail.zol.com.cn/218/217660/review.shtml,61
397998,OPPO R5（R8109/双4G） ,2999,主屏尺寸:5.2英寸 主屏材质:AMOLED 主屏分辨率:1920x1080像素 屏幕像素密度:424ppi 网络类型:单卡 4G网络:移动TD-LTE，联通TD-LTE，联通FDD-LTE 操作系统:Color OS 2.0,http://detail.zol.com.cn/cell_phone/index397998.shtml,OPPO,http://detail.zol.com.cn/398/397998/review.shtml,214
338005,OPPO R811（移动版） ,950,上市日期:2012年10月 手机类型:3G手机，智能手机 外观设计:直板 主屏尺寸:3.5英寸 触摸屏:电容屏，多点触控 主屏分辨率:480x320像素 网络类型:双卡双模,http://detail.zol.com.cn/cell_phone/index338005.shtml,OPPO,http://detail.zol.com.cn/339/338005/review.shtml,58
1115953,OPPO R9（全网通） ,2499,美颜4.0，VOOC闪充，金属机身，超窄边框,http://detail.zol.com.cn/cell_phone/index1115953.shtml,OPPO,http://detail.zol.com.cn/1116/1115953/review.shtml,1315
1116528,OPPO A53 2015版（全网通） ,1599,全网通,http://detail.zol.com.cn/cell_phone/index1116528.shtml,OPPO,http://detail.zol.com.cn/1117/1116528/review.shtml,639
1100183,OPPO R7 Lite（移动4G） ,0,主屏尺寸:5英寸 主屏材质:AMOLED 主屏分辨率:1280x720像素 操作系统:Android OS 5.1 CPU型号:高通 骁龙615（MSM8939） RAM容量:2GB ROM容量:16GB,http://detail.zol.com.cn/cell_phone/index1100183.shtml,OPPO,http://detail.zol.com.cn/1101/1100183/review.shtml,5
335753,OPPO R817 ,1400,上市日期:2012年 手机类型:3G手机，智能手机，音乐手机，拍照手机 外观设计:直板 主屏尺寸:4英寸 触摸屏:电容屏，多点触控 主屏分辨率:800x480像素 网络类型:双卡双模,http://detail.zol.com.cn/cell_phone/index335753.shtml,OPPO,http://detail.zol.com.cn/336/335753/review.shtml,99
1142123,OPPO A37（全网通） ,1199,2.5D弧面玻璃，美颜4.0，Real原声技术，NFC支付,http://detail.zol.com.cn/cell_phone/index1142123.shtml,OPPO,http://detail.zol.com.cn/1143/1142123/review.shtml,254
1145535,OPPO A59（全网通） ,688,极致美颜，手势体感，正面指纹识别，2.5D弧面玻璃,http://detail.zol.com.cn/cell_phone/index1145535.shtml,OPPO,http://detail.zol.com.cn/1146/1145535/review.shtml,328
398466,OPPO R7（R7t/移动4G） ,1999,纤薄金属机身，2.5D弧面玻璃屏，全局闪拍,http://detail.zol.com.cn/cell_phone/index398466.shtml,OPPO,http://detail.zol.com.cn/399/398466/review.shtml,913
366987,OPPO R1（R829T） ,2100,屏幕采用双玻璃面板的设计，摄像头采用蓝玻璃滤光片，PI原画引擎、降噪算法，主打夜拍功能,http://detail.zol.com.cn/cell_phone/index366987.shtml,OPPO,http://detail.zol.com.cn/367/366987/review.shtml,468
1102845,OPPO A33（全网通） ,980,全网通,http://detail.zol.com.cn/cell_phone/index1102845.shtml,OPPO,http://detail.zol.com.cn/1103/1102845/review.shtml,372
403185,OPPO A11（移动4G） ,810,定位中低端，搭载雅马哈音频技术，使用Boost升压电路给功放供电，去除一般手机外放中杂音、破音,http://detail.zol.com.cn/cell_phone/index403185.shtml,OPPO,http://detail.zol.com.cn/404/403185/review.shtml,54
314637,OPPO A615 ,1498,手机类型:时尚手机 上市日期:2012年04月 外观设计:直板 主屏尺寸:3.2英寸 触摸屏:电阻屏，单点触控 主屏分辨率:432x240像素 网络类型:双卡单模,http://detail.zol.com.cn/cell_phone/index314637.shtml,OPPO,http://detail.zol.com.cn/315/314637/review.shtml,2
371732,OPPO Find 7（X9007/轻装版/移动4G） ,1999,移动4G网络轻装版/1080p屏幕，2.3GHz高通骁龙800处理器，2GB+16GB内存组合,http://detail.zol.com.cn/cell_phone/index371732.shtml,OPPO,http://detail.zol.com.cn/372/371732/review.shtml,1479
403636,OPPO A31（A31u/联通4G） ,999,联通4G,http://detail.zol.com.cn/cell_phone/index403636.shtml,OPPO,http://detail.zol.com.cn/404/403636/review.shtml,346
1150077,OPPO R11（标准版/全网通） ,2399,前后2000万像素摄像头，微缝天线2.0，VOOC闪充，WI-FI安全检测,http://detail.zol.com.cn/cell_phone/index1150077.shtml,OPPO,http://detail.zol.com.cn/1151/1150077/review.shtml,899
402229,OPPO A51（移动4G） ,819,采用双镜面设计，双卡，支持双重曝光和快镜头功能，带有智能遥控功能，搭载全新ColorOS 2.1 系统,http://detail.zol.com.cn/cell_phone/index402229.shtml,OPPO,http://detail.zol.com.cn/403/402229/review.shtml,153
371036,OPPO R815W（联通版） ,1498,联通3G网络版，向下兼容移动/联通2G网络,http://detail.zol.com.cn/cell_phone/index371036.shtml,OPPO,http://detail.zol.com.cn/372/371036/review.shtml,229
344646,OPPO R811W ,998,手机类型:3G手机，智能手机 上市日期:2013年 外观设计:直板 主屏尺寸:3.5英寸 触摸屏:电容屏，多点触控 主屏分辨率:480x320像素 网络模式:GSM，WCDMA,http://detail.zol.com.cn/cell_phone/index344646.shtml,OPPO,http://detail.zol.com.cn/345/344646/review.shtml,2
344647,OPPO R813T（移动版） ,1350,手机类型:3G手机，智能手机 上市日期:2013年 外观设计:直板 主屏尺寸:4英寸 触摸屏:电容屏，多点触控 主屏分辨率:800x480像素 网络类型:双卡双模,http://detail.zol.com.cn/cell_phone/index344647.shtml,OPPO,http://detail.zol.com.cn/345/344647/review.shtml,114
283830,OPPO X903（Find） ,2498,OPPO X903拥有一块4.0英寸的IPS电容触摸屏幕（该屏幕由日本日立公司提供），分辨率WVGA（480x800），支持10点触控操作。屏幕下方为四个标准Android功能按键，点触伴随震动反馈，手感恰到好处。屏幕上方为条状听筒，整个机身正面采用金属拉丝工艺，视觉颇具质感。侧滑全键盘为四排样式，带有独立的方向键区，以及中英文切换键，不过按键手感一般，键程稍短，顶部一排由于相对靠近上滑盖，所以需要竖起手指才能操作（侧滑盖具备单独开合音效，可手动关闭）。,http://detail.zol.com.cn/cell_phone/index283830.shtml,OPPO,http://detail.zol.com.cn/284/283830/review.shtml,80
255556,OPPO F15 ,1398,上市日期:2010年08月 手机类型:音乐手机 外观设计:直板 主屏尺寸:2.4英寸 主屏分辨率:320x240像素 网络类型:双卡单模 网络模式:GSM,http://detail.zol.com.cn/cell_phone/index255556.shtml,OPPO,http://detail.zol.com.cn/256/255556/review.shtml,15
1212068,OPPO R15（4GB RAM/全网通） ,2399,4GB+128GB,http://detail.zol.com.cn/cell_phone/index1212068.shtml,OPPO,http://detail.zol.com.cn/1213/1212068/review.shtml,622
1212408,OPPO A1（4GB RAM/全网通） ,1199,AI智慧美颜，面部识别，全面屏,http://detail.zol.com.cn/cell_phone/index1212408.shtml,OPPO,http://detail.zol.com.cn/1213/1212408/review.shtml,76
315138,OPPO Real R803 ,2098,手机类型:3G手机，智能手机 上市日期:2012年03月 外观设计:直板 主屏尺寸:3.5英寸 触摸屏:电容屏，多点触控 主屏分辨率:480x320像素 网络类型:双卡双模,http://detail.zol.com.cn/cell_phone/index315138.shtml,OPPO,http://detail.zol.com.cn/316/315138/review.shtml,41
374511,OPPO N1 Mini（N5117/移动4G） ,1799,4G拍照音乐智能，与OPPO N1相比外形更为迷你，处理器和电池容量也略微缩水，但相机配置有所提升,http://detail.zol.com.cn/cell_phone/index374511.shtml,OPPO,http://detail.zol.com.cn/375/374511/review.shtml,436
255766,OPPO E21W ,1998,手机类型:3G手机，音乐手机 上市日期:2010年12月 主屏尺寸:2.75英寸 外观设计:滑盖 主屏分辨率:400x240像素 网络类型:单卡双模 网络模式:GSM，WCDMA,http://detail.zol.com.cn/cell_phone/index255766.shtml,OPPO,http://detail.zol.com.cn/256/255766/review.shtml,1
162801,OPPO F19 ,1659,外观设计:直板 手机制式:GSM 支持频段:GSM 900/1800MHz 屏幕色彩:26万色 主屏参数:240×320像素 手机类型:音乐手机 摄像头像素:130万像素 理论待机时间:800小时,http://detail.zol.com.cn/cell_phone/index162801.shtml,OPPO,http://detail.zol.com.cn/163/162801/review.shtml,4
1181760,OPPO R11（高配版/全网通） ,3799,金属机身，双摄光学变焦，VOOC闪充，wifengtianxiansheji,http://detail.zol.com.cn/cell_phone/index1181760.shtml,OPPO,http://detail.zol.com.cn/1182/1181760/review.shtml,899
1306809,OPPO Reno3（12GB/128GB/全网通/5G版） ,2299,天玑1000L，6400万像素，系统级暗夜模式,http://detail.zol.com.cn/cell_phone/index1306809.shtml,OPPO,http://detail.zol.com.cn/1307/1306809/review.shtml,191
1184068,OPPO R11s（4GB RAM/全网通） ,2299,全面屏一体全金属外观，超清双摄人像模式，VOOC闪充，指纹识别,http://detail.zol.com.cn/cell_phone/index1184068.shtml,OPPO,http://detail.zol.com.cn/1185/1184068/review.shtml,873
1213828,OPPO R15星云特别版（全网通） ,2699,19:9超视野全面屏，双面玻璃设计，AI 智能拍照，VOOC闪充,http://detail.zol.com.cn/cell_phone/index1213828.shtml,OPPO,http://detail.zol.com.cn/1214/1213828/review.shtml,9
227972,OPPO A520 ,1398,乍看之下，OPPO A520就是一部纯白配色的翻盖手机。但其实仔细观察，你会发现，透明的外壳下暗藏了隐蔽的水波纹路。使视觉与触觉产生了强烈的反差。机身背面与正面相比，要白得更加彻底。轻微的磨砂处理，淡淡的荧光涂层，连吊饰孔的设计也显得很有创意。另外一个亮点就是扬声器的造型。蝴蝶一样的形状，与“Ulike享自由”的产品线定位不无关联。同时，A520采用翻盖造型，也是一种蝴蝶般自由飞舞的象征。OPPO推出了多个系列，比如Ulike系列，比如Real系列等，不论从外观上还是从机身内的类似主题编辑器这样的功能上，OPPO做的还是非常的不错的。,http://detail.zol.com.cn/cell_phone/index227972.shtml,OPPO,http://detail.zol.com.cn/228/227972/review.shtml,74
227973,OPPO U529 ,1498,手机类型:女性手机 上市日期:2010年02月 外观设计:翻盖 主屏尺寸:3.2英寸 主屏分辨率:432x240像素 网络模式:GSM 电池容量:1000mAh,http://detail.zol.com.cn/cell_phone/index227973.shtml,OPPO,http://detail.zol.com.cn/228/227973/review.shtml,59
201741,OPPO P51 ,1798,外观设计:直板 手机制式:GSM 支持频段:GSM 900/1800/1900MHz 屏幕色彩:26万色 主屏参数:240×320像素 手机类型:拍照手机 摄像头像素:500万像素 理论待机时间:280小时,http://detail.zol.com.cn/cell_phone/index201741.shtml,OPPO,http://detail.zol.com.cn/202/201741/review.shtml,11
162533,OPPO A100 ,998,外观设计:直板 手机制式:GSM 支持频段:GSM 900/1800MHz 屏幕色彩:26万色 主屏参数:240×320像素 手机类型:音乐手机 摄像头像素:30万像素 理论待机时间:280小时,http://detail.zol.com.cn/cell_phone/index162533.shtml,OPPO,http://detail.zol.com.cn/163/162533/review.shtml,42
343615,OPPO U701T（移动版） ,1598,上市日期:2012年12月 手机类型:3G手机，智能手机 主屏尺寸:4英寸 外观设计:直板 触摸屏:电容屏，多点触控 主屏分辨率:800x480像素 网络类型:双卡双模,http://detail.zol.com.cn/cell_phone/index343615.shtml,OPPO,http://detail.zol.com.cn/344/343615/review.shtml,35
324736,OPPO R801 ,800,手机类型:3G手机，智能手机 上市日期:2012年05月 外观设计:直板 主屏尺寸:3.5英寸 触摸屏:电容屏，多点触控 主屏分辨率:480x320像素 网络类型:双卡双模,http://detail.zol.com.cn/cell_phone/index324736.shtml,OPPO,http://detail.zol.com.cn/325/324736/review.shtml,58
382372,OPPO R3（R7007/移动4G） ,1519,绚彩夜拍，智能抠图，O-video创意拍摄,http://detail.zol.com.cn/cell_phone/index382372.shtml,OPPO,http://detail.zol.com.cn/383/382372/review.shtml,488
323025,OPPO X907(Finder) ,1950,上市日期:2012年06月 手机类型:3G手机，智能手机，拍照手机 外观设计:直板 主屏尺寸:4.3英寸 触摸屏:电容屏，多点触控 主屏分辨率:800x480像素 网络类型:单卡双模,http://detail.zol.com.cn/cell_phone/index323025.shtml,OPPO,http://detail.zol.com.cn/324/323025/review.shtml,353
323171,OPPO R805 ,1798,上市日期:2012年05月 手机类型:3G手机，智能手机 主屏尺寸:3.5英寸 外观设计:直板 触摸屏:电容屏，多点触控 主屏分辨率:480x320像素 网络类型:双卡双模,http://detail.zol.com.cn/cell_phone/index323171.shtml,OPPO,http://detail.zol.com.cn/324/323171/review.shtml,46
380679,OPPO R831S（移动4G） ,999,主打智能遥控和趣味拍照功能千元中端机，1.2GHz四核高通骁龙处理器，支持超灵敏触控和OTG功能,http://detail.zol.com.cn/cell_phone/index380679.shtml,OPPO,http://detail.zol.com.cn/381/380679/review.shtml,748
262109,OPPO U521 ,1398,OPPO U521采用传统的翻盖造型，打开翻盖配备了一块2.8英寸大小的显示屏，而整个白色的机身加上翻盖上的波点设计是该机的一大亮点，在波点设计底下还有LED呼吸灯的支持，对于时尚的女生来说相当搭。 OPPO U521的按键设计依旧是那么清爽帅气，超大的T9按键加上拍照快捷键和音乐快捷键完全可以满足时尚大人们的操作需求。而机身侧面只有左侧有一个Micro USB数据接口，其他方面都没有过多的按键接口设计。 OPPO U521背部同样设计的非常简约，只有一颗200万像素摄像头，不过在摄像头旁边设有自拍镜还是非常不错的；打开电池仓，配有一块800mAh的电池容量应该说还是比较理想的，毕竟对于这样一款非智能机来说还是足够用了。,http://detail.zol.com.cn/cell_phone/index262109.shtml,OPPO,http://detail.zol.com.cn/263/262109/review.shtml,16
1310548,OPPO Reno3（8GB/128GB/全网通/5G版/元气版） ,2699,一体化双模5G，4800万超清四摄，视频超级双防抖，VOOC 闪充,http://detail.zol.com.cn/cell_phone/index1310548.shtml,OPPO,http://detail.zol.com.cn/1311/1310548/review.shtml,191
1157839,OPPO R9s Plus（全网通） ,3199,微缝天线，双核对焦，VOOC闪充，OIS光学防抖,http://detail.zol.com.cn/cell_phone/index1157839.shtml,OPPO,http://detail.zol.com.cn/1158/1157839/review.shtml,498
381013,OPPO R830（联通版） ,699,联通3G网络版，双卡，512MB RAM，搭载Android 4.2操作系统，1.3GHz双核处理器,http://detail.zol.com.cn/cell_phone/index381013.shtml,OPPO,http://detail.zol.com.cn/382/381013/review.shtml,748
1310016,OPPO A11（6GB/128GB/全网通） ,1499,AI四摄，骁龙665移动平台，视频防抖,http://detail.zol.com.cn/cell_phone/index1310016.shtml,OPPO,http://detail.zol.com.cn/1311/1310016/review.shtml,174
1310017,OPPO A11（6GB/256GB/全网通） ,1498,屏幕类型:全面屏（20:9） 主屏尺寸:6.5英寸 出厂系统内核:ColorOS 6（基于Android 9.0） 主屏材质:TFT-LCD 主屏分辨率:1600x720像素 屏幕像素密度:270ppi CPU型号:高通 骁龙665,http://detail.zol.com.cn/cell_phone/index1310017.shtml,OPPO,http://detail.zol.com.cn/1311/1310017/review.shtml,174
380548,OPPO R2017（移动4G） ,1099,智能遥控，声控美颜，黑屏手势,http://detail.zol.com.cn/cell_phone/index380548.shtml,OPPO,http://detail.zol.com.cn/381/380548/review.shtml,303
350647,OPPO R815T（移动版） ,1698,外观漂亮，杜比音效，音质较好，双卡，标准SIM卡/小卡都支持，容量比较小,http://detail.zol.com.cn/cell_phone/index350647.shtml,OPPO,http://detail.zol.com.cn/351/350647/review.shtml,229
201010,OPPO F29 ,1998,外观设计:直板 手机制式:双卡双待单通 支持频段:GSM 900/1800/1900MHz 屏幕色彩:26万色 主屏参数:240×320像素 手机类型:商务手机，时尚手机 摄像头像素:200万像素 理论待机时间:600小时,http://detail.zol.com.cn/cell_phone/index201010.shtml,OPPO,http://detail.zol.com.cn/202/201010/review.shtml,5
381746,OPPO R6007（移动4G） ,1299,移动4G网络，与R827相比，分辨率升级至720P，ROM增至8GB，支持128GB TF卡扩充,http://detail.zol.com.cn/cell_phone/index381746.shtml,OPPO,http://detail.zol.com.cn/382/381746/review.shtml,442
351619,OPPO R809T（移动版） ,1998,移动定制版，6.93毫米超薄机身易掌控，支持自动接听，体感拨号，智能提示，手势接听等智能操作,http://detail.zol.com.cn/cell_phone/index351619.shtml,OPPO,http://detail.zol.com.cn/352/351619/review.shtml,130
291932,OPPO A127 ,1098,OPPO A127采用直板T9键盘的设计，外观非常纤薄和秀气，11.8mm的厚度和95g的质量，特别适合女性的使用。同时作为一款音乐手机，OPPO A127在音乐方面的表现很突出，支持杜比音效，完全可以替代MP3播放器。同时OPPO A127也后置了200万像素摄像头，更是内置了丰富的娱乐和学习软件，性价比很高。,http://detail.zol.com.cn/cell_phone/index291932.shtml,OPPO,http://detail.zol.com.cn/292/291932/review.shtml,9
172644,OPPO T9 ,1998,外观设计:直板 手机制式:GSM 支持频段:GSM 900/1800MHz 屏幕色彩:26万色 主屏参数:240×432像素 手机类型:音乐手机 摄像头像素:200万像素 理论待机时间:210小时,http://detail.zol.com.cn/cell_phone/index172644.shtml,OPPO,http://detail.zol.com.cn/173/172644/review.shtml,20
1280310,OPPO Find X2（8GB/128GB/全网通/5G版） ,4499,120Hz超感屏，3K分辨率，10亿色显示,http://detail.zol.com.cn/cell_phone/index1280310.shtml,OPPO,http://detail.zol.com.cn/1281/1280310/review.shtml,193
1249492,OPPO K3（6GB/64GB/全网通） ,1299,光感屏幕指纹，VOOC3.0快充，远程守护,http://detail.zol.com.cn/cell_phone/index1249492.shtml,OPPO,http://detail.zol.com.cn/1250/1249492/review.shtml,74
1277451,OPPO Reno Z（8GB/128GB/全网通） ,2199,全面屏，弹出式摄像头，后置4800万像素,http://detail.zol.com.cn/cell_phone/index1277451.shtml,OPPO,http://detail.zol.com.cn/1278/1277451/review.shtml,81
1277465,OPPO Reno（6GB/256GB/全网通） ,2199,灵感版，骁龙710，4800万超清像素，支持NFC，VOOC 3.0,http://detail.zol.com.cn/cell_phone/index1277465.shtml,OPPO,http://detail.zol.com.cn/1278/1277465/review.shtml,303
1295762,OPPO K5（8GB/128GB/全网通） ,1858,VOOC闪充4.0，骁龙730G，6400万高清后摄,http://detail.zol.com.cn/cell_phone/index1295762.shtml,OPPO,http://detail.zol.com.cn/1296/1295762/review.shtml,82
1295765,OPPO K5（8GB/256GB/全网通） ,2148,VOOC闪充4.0，骁龙730G，6400万高清后摄,http://detail.zol.com.cn/cell_phone/index1295765.shtml,OPPO,http://detail.zol.com.cn/1296/1295765/review.shtml,82
1295774,OPPO Reno Ace（8GB/256GB/全网通/高达版） ,3599,Supervooc闪充2.0，90HZ电竞屏，骁龙855+，高达定制版,http://detail.zol.com.cn/cell_phone/index1295774.shtml,OPPO,http://detail.zol.com.cn/1296/1295774/review.shtml,2
1295809,OPPO Reno Ace（8GB/256GB/全网通） ,3199,Supervooc超级闪充2.0，90HZ电竞屏，骁龙855+,http://detail.zol.com.cn/cell_phone/index1295809.shtml,OPPO,http://detail.zol.com.cn/1296/1295809/review.shtml,199
1295810,OPPO Reno Ace（12GB/256GB/全网通） ,3799,Supervooc超级闪充2.0，90HZ电竞屏，骁龙855+,http://detail.zol.com.cn/cell_phone/index1295810.shtml,OPPO,http://detail.zol.com.cn/1296/1295810/review.shtml,199
1143154,OPPO R9 Plus（高配版/全网通） ,3599,美颜4.0，大容量电池，VOOC闪充，凝光腰线,http://detail.zol.com.cn/cell_phone/index1143154.shtml,OPPO,http://detail.zol.com.cn/1144/1143154/review.shtml,736
399169,OPPO A31（A31t/移动4G） ,999,流光镜面，双层金属骨架，大感光面积,http://detail.zol.com.cn/cell_phone/index399169.shtml,OPPO,http://detail.zol.com.cn/400/399169/review.shtml,346
367768,OPPO R850 ,1600,主屏尺寸:4.7英寸 主屏材质:TFT材质（IPS技术） 主屏分辨率:960x540像素 屏幕像素密度:234ppi 3G网络:HSPA+，联通3G（WCDMA），联通2G/移动2G（GSM） 操作系统:Android OS 4.2 核心数:四核,http://detail.zol.com.cn/cell_phone/index367768.shtml,OPPO,http://detail.zol.com.cn/368/367768/review.shtml,42
367884,OPPO R827T（移动版） ,1530,主屏尺寸:4.7英寸 主屏材质:IPS 主屏分辨率:960x540像素 屏幕像素密度:234ppi 3G网络:移动3G（TD-SCDMA），联通2G/移动2G（GSM） 操作系统:Color ROM v1.0（Android OS 4.2） 核心数:四核,http://detail.zol.com.cn/cell_phone/index367884.shtml,OPPO,http://detail.zol.com.cn/368/367884/review.shtml,383
1117242,OPPO R7 Plus高配版（全网通） ,2799,激光对焦，VOOC闪充，大容量电池,http://detail.zol.com.cn/cell_phone/index1117242.shtml,OPPO,http://detail.zol.com.cn/1118/1117242/review.shtml,897
1117245,OPPO R7 Plus高配版（移动4G）  ,2699,激光对焦，VOOC闪充，大容量电池,http://detail.zol.com.cn/cell_phone/index1117245.shtml,OPPO,http://detail.zol.com.cn/1118/1117245/review.shtml,897
1206990,OPPO R15（6GB RAM/全网通） ,2399,19:9超视野全面屏，双面玻璃设计，AI 智能拍照，VOOC闪充,http://detail.zol.com.cn/cell_phone/index1206990.shtml,OPPO,http://detail.zol.com.cn/1207/1206990/review.shtml,622
1239500,OPPO A7（3GB RAM/全网通） ,0,3GB+64GB,http://detail.zol.com.cn/cell_phone/index1239500.shtml,OPPO,http://detail.zol.com.cn/1240/1239500/review.shtml,295
1266990,OPPO Reno 10倍变焦版（6GB/128GB/全网通） ,3699,十倍混合光学变焦，60倍数码变焦，三摄全焦段影响系统,http://detail.zol.com.cn/cell_phone/index1266990.shtml,OPPO,http://detail.zol.com.cn/1267/1266990/review.shtml,198
1267000,OPPO Reno 10倍变焦版（8GB/256GB/全网通） ,3199,十倍混合光学变焦，侧旋升降镜头，三摄全焦段影响系统,http://detail.zol.com.cn/cell_phone/index1267000.shtml,OPPO,http://detail.zol.com.cn/1267/1267000/review.shtml,198
1100486,OPPO R7s（移动4G） ,1940,全金属机身，VOOC闪充技术，全局闪拍,http://detail.zol.com.cn/cell_phone/index1100486.shtml,OPPO,http://detail.zol.com.cn/1101/1100486/review.shtml,862
401419,OPPO R7 Plus（移动4G） ,2499,6吋大屏，4100毫安VOOC闪充大电池，金属一体机身,http://detail.zol.com.cn/cell_phone/index401419.shtml,OPPO,http://detail.zol.com.cn/402/401419/review.shtml,897
401698,OPPO A31（A31c/电信4G） ,899,电信4G,http://detail.zol.com.cn/cell_phone/index401698.shtml,OPPO,http://detail.zol.com.cn/402/401698/review.shtml,346
1204193,OPPO R11s（6GB RAM/全网通） ,3699,6GB+128GB,http://detail.zol.com.cn/cell_phone/index1204193.shtml,OPPO,http://detail.zol.com.cn/1205/1204193/review.shtml,873
1264056,OPPO Reno（8GB RAM/全网通） ,2250,"全景屏，VOOC 3.0,4800万超清摄像，支持NFC",http://detail.zol.com.cn/cell_phone/index1264056.shtml,OPPO,http://detail.zol.com.cn/1265/1264056/review.shtml,303
368499,OPPO R831T（移动版） ,799,千元入门机，4.5英寸屏幕，可轻松单手握持，1.3GHz双核处理器，1900毫安可拆卸电池,http://detail.zol.com.cn/cell_phone/index368499.shtml,OPPO,http://detail.zol.com.cn/369/368499/review.shtml,748
1326541,OPPO Reno4 Pro（8GB/128GB/全网通/5G版） ,3799,双模5G，超级夜景视频，视频防抖3.0，65W超级闪充，90Hz高感曲面屏，超级省电模式,http://detail.zol.com.cn/cell_phone/index1326541.shtml,OPPO,http://detail.zol.com.cn/1327/1326541/review.shtml,184
1326648,OPPO Reno4 Pro（12GB/256GB/全网通/5G版） ,4299,双模5G，超级夜景视频，视频防抖3.0，65W超级闪充，90Hz高感曲面屏，超级省电模式,http://detail.zol.com.cn/cell_phone/index1326648.shtml,OPPO,http://detail.zol.com.cn/1327/1326648/review.shtml,184
1326649,OPPO Reno4 Pro（12GB/256GB/全网通/5G版/2020夏日定制版） ,4299,双模5G，超级夜景视频，视频防抖3.0，65W超级闪充，90Hz高感曲面屏，超级省电模式,http://detail.zol.com.cn/cell_phone/index1326649.shtml,OPPO,http://detail.zol.com.cn/1327/1326649/review.shtml,184
1116112,OPPO A53 2015版（移动4G） ,1599,金属大屏，快速充电，ISOcell摄像头,http://detail.zol.com.cn/cell_phone/index1116112.shtml,OPPO,http://detail.zol.com.cn/1117/1116112/review.shtml,639
392909,OPPO R1C（R8205/电信4G） ,1599,电信4G网络，向下兼容电信3G网络,http://detail.zol.com.cn/cell_phone/index392909.shtml,OPPO,http://detail.zol.com.cn/393/392909/review.shtml,441
393122,OPPO R1C（R8207/移动4G） ,1498,背部钻石流光平面设计，具有双重曝光，闪拍等功能，摄像头搭配蓝玻璃/镀膜镜片，双卡均可支持4G,http://detail.zol.com.cn/cell_phone/index393122.shtml,OPPO,http://detail.zol.com.cn/394/393122/review.shtml,441
1294112,OPPO K5（6GB/128GB/全网通） ,1642,VOOC闪充4.0，骁龙730G，6400万高清后摄,http://detail.zol.com.cn/cell_phone/index1294112.shtml,OPPO,http://detail.zol.com.cn/1295/1294112/review.shtml,82
1233711,OPPO K1（6GB RAM/全网通） ,1599,AI智能双摄，3D渐变机身，水滴屏全面屏，光感屏幕指纹,http://detail.zol.com.cn/cell_phone/index1233711.shtml,OPPO,http://detail.zol.com.cn/1234/1233711/review.shtml,769
1233928,OPPO A5（3GB RAM/全网通） ,899,主屏尺寸:6.2英寸 出厂系统内核:ColorOS 5.1（基于Android 8.1） 主屏材质:TFT 主屏分辨率:1520x720像素 屏幕像素密度:271ppi CPU型号:高通 骁龙450B 4G网络:移动TD-LTE，联通TD-LTE，联通FDD-LTE，电信TD-LTE，电信FDD-LTE,http://detail.zol.com.cn/cell_phone/index1233928.shtml,OPPO,http://detail.zol.com.cn/1234/1233928/review.shtml,438
515332,OPPO A51（电信4G） ,799,主屏尺寸:5英寸 主屏材质:TFT材质（IPS技术） 主屏分辨率:960x540像素 屏幕像素密度:220ppi 4G网络:电信TD-LTE，电信FDD-LTE 操作系统:Android OS 5.1 核心数:四核,http://detail.zol.com.cn/cell_phone/index515332.shtml,OPPO,http://detail.zol.com.cn/516/515332/review.shtml,153
393975,OPPO R1C（R8200/联通4G） ,1599,联通G网络，向下兼容联通3G网络,http://detail.zol.com.cn/cell_phone/index393975.shtml,OPPO,http://detail.zol.com.cn/394/393975/review.shtml,441
1170222,OPPO R11 Plus（全网通） ,1580,前后2000万像素摄像头，微缝天线2.0，VOOC闪充，WI-FI安全检测,http://detail.zol.com.cn/cell_phone/index1170222.shtml,OPPO,http://detail.zol.com.cn/1171/1170222/review.shtml,409
336212,OPPO T29 ,2050,上市日期:2012年 手机类型:3G手机，智能手机，拍照手机 外观设计:直板 主屏尺寸:4.5英寸 触摸屏:电容屏，多点触控 主屏分辨率:960x540像素 网络类型:双卡双模,http://detail.zol.com.cn/cell_phone/index336212.shtml,OPPO,http://detail.zol.com.cn/337/336212/review.shtml,74
1140494,OPPO R9（移动4G） ,2499,美颜4.0，VOOC闪充技术，金属机身，超窄边框,http://detail.zol.com.cn/cell_phone/index1140494.shtml,OPPO,http://detail.zol.com.cn/1141/1140494/review.shtml,1315
1235591,OPPO R17 Pro（8GB RAM/全网通） ,4299,TOF 3D 立体摄像头，Super VOOC，光感屏幕指纹，AI智慧美颜,http://detail.zol.com.cn/cell_phone/index1235591.shtml,OPPO,http://detail.zol.com.cn/1236/1235591/review.shtml,608
308791,OPPO R807 ,2379,上市日期:2012年02月 手机类型:3G手机，智能手机，音乐手机，拍照手机，社交手机 外观设计:直板 主屏尺寸:4英寸 触摸屏:电容屏，多点触控 主屏分辨率:800x480像素 网络类型:单卡双模,http://detail.zol.com.cn/cell_phone/index308791.shtml,OPPO,http://detail.zol.com.cn/309/308791/review.shtml,121
362668,OPPO N1（32GB/移动版） ,3998,TD-SCDMA网络版OPPO N1，32GB ROM容量版本,http://detail.zol.com.cn/cell_phone/index362668.shtml,OPPO,http://detail.zol.com.cn/363/362668/review.shtml,413
362669,OPPO N1（联通版） ,3498,WCDMA网络版OPPO N1，16GB ROM容量版本,http://detail.zol.com.cn/cell_phone/index362669.shtml,OPPO,http://detail.zol.com.cn/363/362669/review.shtml,413
1325363,OPPO Ace2（8GB/256GB/全网通/5G版/EVA限定版） ,4399,双模5G，65W超级闪充，高通骁龙865,http://detail.zol.com.cn/cell_phone/index1325363.shtml,OPPO,http://detail.zol.com.cn/1326/1325363/review.shtml,193
1101326,OPPO A33（移动4G） ,890,双面流光镜面，双层金属骨架，蓝宝石水晶镜头,http://detail.zol.com.cn/cell_phone/index1101326.shtml,OPPO,http://detail.zol.com.cn/1102/1101326/review.shtml,372
400512,OPPO R7（R7c/电信4G） ,1949,电信4G，骁龙615,http://detail.zol.com.cn/cell_phone/index400512.shtml,OPPO,http://detail.zol.com.cn/401/400512/review.shtml,913
1300919,OPPO Reno3（8GB/128GB/全网通/5G版） ,2999,天玑1000L，6400万像素，系统级暗夜模式,http://detail.zol.com.cn/cell_phone/index1300919.shtml,OPPO,http://detail.zol.com.cn/1301/1300919/review.shtml,191
400141,OPPO R7 Plus（全网通） ,2599,激光对焦，VOOC闪充，大容量电池,http://detail.zol.com.cn/cell_phone/index400141.shtml,OPPO,http://detail.zol.com.cn/401/400141/review.shtml,897
340796,OPPO Ulike2（U705T/移动版） ,1598,UI设计人性化，操作简单，一键清理后台程序，不支持扩展和更换电池，500万前置摄像头自拍很给力,http://detail.zol.com.cn/cell_phone/index340796.shtml,OPPO,http://detail.zol.com.cn/341/340796/review.shtml,441
1208720,OPPO R15梦镜版（梦境红/全网通） ,2999,19:9超视野全面屏，双面玻璃设计，AI 智能拍照，VOOC闪充,http://detail.zol.com.cn/cell_phone/index1208720.shtml,OPPO,http://detail.zol.com.cn/1209/1208720/review.shtml,595
1268851,OPPO Reno 10倍变焦版（6GB/256GB/全网通） ,3999,十倍混合光学变焦，60倍数码变焦，三摄全焦段影响系统,http://detail.zol.com.cn/cell_phone/index1268851.shtml,OPPO,http://detail.zol.com.cn/1269/1268851/review.shtml,198
1102095,OPPO R7s（3GB RAM/全网通） ,2000,全网通，3GB+32GB，骁龙615,http://detail.zol.com.cn/cell_phone/index1102095.shtml,OPPO,http://detail.zol.com.cn/1103/1102095/review.shtml,862
1102110,OPPO R7s（4GB RAM/全网通） ,2050,机身厚度仅6.9mm超薄手感佳，一体化机身设计配备了2.5D玻璃，快速充电VOOC闪充技术不用担心没电,http://detail.zol.com.cn/cell_phone/index1102110.shtml,OPPO,http://detail.zol.com.cn/1103/1102110/review.shtml,862
190680,OPPO A113 ,1398,外观设计:直板 手机制式:GSM 支持频段:GSM 900/1800MHz 屏幕色彩:26万色 主屏参数:240×320像素 手机类型:音乐手机 摄像头像素:200万像素 理论待机时间:300小时,http://detail.zol.com.cn/cell_phone/index190680.shtml,OPPO,http://detail.zol.com.cn/191/190680/review.shtml,22
160938,OPPO T5 ,1689,外观设计:直板 手机制式:GSM 支持频段:GSM 900/1800MHz 屏幕色彩:26万色 主屏参数:240×320像素 手机类型:音乐手机 摄像头像素:200万像素 理论待机时间:200小时,http://detail.zol.com.cn/cell_phone/index160938.shtml,OPPO,http://detail.zol.com.cn/161/160938/review.shtml,20
1209829,OPPO A1（3GB RAM/全网通） ,1000,AI智慧美颜，面部识别，全面屏，快速充电,http://detail.zol.com.cn/cell_phone/index1209829.shtml,OPPO,http://detail.zol.com.cn/1210/1209829/review.shtml,76
1270291,OPPO A9（6GB/128GB/全网通） ,1699,3D凝光渐变机身，4020mAh大电池，超清夜景2.0,http://detail.zol.com.cn/cell_phone/index1270291.shtml,OPPO,http://detail.zol.com.cn/1271/1270291/review.shtml,74
1229159,OPPO R17（6GB RAM/全网通） ,2599,光感屏幕指纹，AI场景识别，AR实景导航，水滴屏,http://detail.zol.com.cn/cell_phone/index1229159.shtml,OPPO,http://detail.zol.com.cn/1230/1229159/review.shtml,613
1229193,OPPO R17（雾光渐变色/8GB RAM/全网通） ,2499,光感屏幕指纹，AI场景识别，AR实景导航，六代大猩猩玻璃,http://detail.zol.com.cn/cell_phone/index1229193.shtml,OPPO,http://detail.zol.com.cn/1230/1229193/review.shtml,613
1229197,OPPO R17（8GB RAM/移动全网通） ,2499,光感屏幕指纹，AI场景识别，AR实景导航，水滴屏,http://detail.zol.com.cn/cell_phone/index1229197.shtml,OPPO,http://detail.zol.com.cn/1230/1229197/review.shtml,613
1290000,OPPO Reno2 Z（8GB/128GB/全网通） ,2099,超级防抖，炫彩升降摄像头,http://detail.zol.com.cn/cell_phone/index1290000.shtml,OPPO,http://detail.zol.com.cn/1290/1290000/review.shtml,41
1210656,OPPO R15梦镜版（陶瓷黑/梦境紫/全网通） ,3299,19:9超视野全面屏，双面玻璃设计，AI 智能拍照，VOOC闪充,http://detail.zol.com.cn/cell_phone/index1210656.shtml,OPPO,http://detail.zol.com.cn/1211/1210656/review.shtml,595
1211599,OPPO A3（全网通） ,1599,128G大内存，钻石纹理设计，超视野全面屏，AI智慧美颜,http://detail.zol.com.cn/cell_phone/index1211599.shtml,OPPO,http://detail.zol.com.cn/1212/1211599/review.shtml,305
1245732,OPPO R17 Pro新年特别版（全网通） ,4299,6GB+128GB，新年红 ,http://detail.zol.com.cn/cell_phone/index1245732.shtml,OPPO,http://detail.zol.com.cn/1246/1245732/review.shtml,608
1245733,OPPO R17新年特别版（全网通） ,2799,全网通，6GB+128GB，中国红,http://detail.zol.com.cn/cell_phone/index1245733.shtml,OPPO,http://detail.zol.com.cn/1246/1245733/review.shtml,613
1273495,OPPO A9x（6GB/128GB/全网通）  ,1248,4800万双摄，大内存，水滴全面屏,http://detail.zol.com.cn/cell_phone/index1273495.shtml,OPPO,http://detail.zol.com.cn/1274/1273495/review.shtml,81
256650,OPPO A125 ,998,上市日期:2010年09月 手机类型:音乐手机 外观设计:直板 主屏尺寸:2.4英寸 主屏分辨率:320x240像素 网络模式:GSM 电池容量:900mAh,http://detail.zol.com.cn/cell_phone/index256650.shtml,OPPO,http://detail.zol.com.cn/257/256650/review.shtml,23
256656,OPPO T15 ,1598,上市日期:2010年10月 手机类型:音乐手机，女性手机 外观设计:直板 主屏尺寸:3.2英寸 触摸屏:支持 主屏分辨率:480x320像素 网络模式:GSM,http://detail.zol.com.cn/cell_phone/index256656.shtml,OPPO,http://detail.zol.com.cn/257/256656/review.shtml,29
165022,OPPO A109K ,1498,,http://detail.zol.com.cn/cell_phone/index165022.shtml,OPPO,http://detail.zol.com.cn/166/165022/review.shtml,4
1213467,OPPO Find X（标准版/全网通） ,4999,双曲面柔性屏，全隐藏式3D摄像头，VOOC闪充，3D面部识别,http://detail.zol.com.cn/cell_phone/index1213467.shtml,OPPO,http://detail.zol.com.cn/1214/1213467/review.shtml,915
1273752,OPPO Reno Z（6GB/256GB/全网通） ,2299,"4800万超清像素，VOOC 3.0,4035mAh大电池",http://detail.zol.com.cn/cell_phone/index1273752.shtml,OPPO,http://detail.zol.com.cn/1274/1273752/review.shtml,81
1155760,OPPO A59s（全网通） ,690,美颜4.0，正面指纹识别，Real原声技术，大屏金属机,http://detail.zol.com.cn/cell_phone/index1155760.shtml,OPPO,http://detail.zol.com.cn/1156/1155760/review.shtml,443
1184231,OPPO R11s Plus（全网通） ,1580,AI智慧美颜，全面屏，指纹识别，VOOC闪充,http://detail.zol.com.cn/cell_phone/index1184231.shtml,OPPO,http://detail.zol.com.cn/1185/1184231/review.shtml,473
1184241,OPPO A77（3GB RAM/全网通） ,700,前置背景虚化2.0，指纹识别，前置 HDR，快捷支付,http://detail.zol.com.cn/cell_phone/index1184241.shtml,OPPO,http://detail.zol.com.cn/1185/1184241/review.shtml,238
1156915,OPPO R9st（移动定制/全网通） ,2799,微缝天线，双核对焦，VOOC闪充,http://detail.zol.com.cn/cell_phone/index1156915.shtml,OPPO,http://detail.zol.com.cn/1157/1156915/review.shtml,1124
1248834,OPPO R17 Pro王者定制版（全网通） ,4299,8GB+128GB，凝光绿,http://detail.zol.com.cn/cell_phone/index1248834.shtml,OPPO,http://detail.zol.com.cn/1249/1248834/review.shtml,608
382994,OPPO R3（R7005/电信4G） ,1630,6.3mm超薄金属质感手机，电信4G网络，高通1.6GHz四核处理器，支持绚彩夜拍和智能抠图功能,http://detail.zol.com.cn/cell_phone/index382994.shtml,OPPO,http://detail.zol.com.cn/383/382994/review.shtml,488
1160598,OPPO A57 2016版 ,400,美颜4.0，手势自拍，应用分身，OPPO Real原声技术,http://detail.zol.com.cn/cell_phone/index1160598.shtml,OPPO,http://detail.zol.com.cn/1161/1160598/review.shtml,425
352833,OPPO X909（Find 5/移动版） ,2598,移动定制版OPPO Find 5，16GB/32GB ROM容量版本,http://detail.zol.com.cn/cell_phone/index352833.shtml,OPPO,http://detail.zol.com.cn/353/352833/review.shtml,1290
1313854,OPPO Find X2 Pro（12GB/256GB/全网通/5G版） ,5999,120Hz超感屏，3K分辨率，多焦段影像系统,http://detail.zol.com.cn/cell_phone/index1313854.shtml,OPPO,http://detail.zol.com.cn/1314/1313854/review.shtml,199
1313856,OPPO Find X2（8GB/256GB/全网通/5G版） ,4999,120Hz超感屏，3K分辨率，10亿色显示,http://detail.zol.com.cn/cell_phone/index1313856.shtml,OPPO,http://detail.zol.com.cn/1314/1313856/review.shtml,193
1156279,OPPO R9s（全网通） ,2499,微缝天线，固态指纹按钮，VOOC闪充，双核对焦,http://detail.zol.com.cn/cell_phone/index1156279.shtml,OPPO,http://detail.zol.com.cn/1157/1156279/review.shtml,1124
1288887,OPPO Reno2（8GB/128GB/全网通） ,2499,视频防抖拍摄，德国莱茵全局护眼认证，4800万主摄,http://detail.zol.com.cn/cell_phone/index1288887.shtml,OPPO,http://detail.zol.com.cn/1289/1288887/review.shtml,50
1288979,OPPO A9（4GB/128GB/全网通） ,1148,屏幕类型:全面屏（水滴屏） 主屏尺寸:6.53英寸 出厂系统内核:ColorOS 6（基于Android 9.0） 主屏材质:TFT材质 CPU型号:联发科 Helio P70 4G网络:移动TD-LTE，联通TD-LTE，联通FDD-LTE，电信TD-LTE，电信FDD-LTE SIM卡类型:双卡，Nano SIM卡,http://detail.zol.com.cn/cell_phone/index1288979.shtml,OPPO,http://detail.zol.com.cn/1289/1288979/review.shtml,74
1316807,OPPO Ace2（8GB/128GB/全网通/5G版） ,3299,双模5G，65W超级闪充，高通骁龙865,http://detail.zol.com.cn/cell_phone/index1316807.shtml,OPPO,http://detail.zol.com.cn/1317/1316807/review.shtml,193
387325,OPPO N1 Mini（N5110/联通4G） ,1999,联通4G网络，向下兼容联通3G网络,http://detail.zol.com.cn/cell_phone/index387325.shtml,OPPO,http://detail.zol.com.cn/388/387325/review.shtml,436
237990,OPPO A203 ,998,上市日期:2010年04月 手机类型:音乐手机 外观设计:滑盖 主屏尺寸:2.4英寸 主屏分辨率:320x240像素 网络模式:GSM 电池容量:900mAh,http://detail.zol.com.cn/cell_phone/index237990.shtml,OPPO,http://detail.zol.com.cn/238/237990/review.shtml,34
358077,OPPO R819T（移动版） ,1998,移动定制机，四核CPU系统比较流畅，拍照效果很好，不支持SD扩展卡，需要剪卡，电池不能更换,http://detail.zol.com.cn/cell_phone/index358077.shtml,OPPO,http://detail.zol.com.cn/359/358077/review.shtml,334
1318293,OPPO Ace2（8GB/256GB/全网通/5G版） ,3599,双模5G，65W超级闪充，高通骁龙865,http://detail.zol.com.cn/cell_phone/index1318293.shtml,OPPO,http://detail.zol.com.cn/1319/1318293/review.shtml,193
1318294,OPPO Ace2（12GB/256GB/全网通/5G版） ,3699,双模5G，65W超级闪充，高通骁龙865,http://detail.zol.com.cn/cell_phone/index1318294.shtml,OPPO,http://detail.zol.com.cn/1319/1318294/review.shtml,193
359145,OPPO N1（16GB/移动3G） ,3498,5.9英寸大屏幕不易携带，Color OS系统运行流畅，1300万像素可旋转摄像头，3610毫安大容量电池,http://detail.zol.com.cn/cell_phone/index359145.shtml,OPPO,http://detail.zol.com.cn/360/359145/review.shtml,413
269850,OPPO A115K ,798,手机类型:音乐手机 上市日期:2011年04月 外观设计:直板 主屏尺寸:2.4英寸 主屏分辨率:320x240像素 网络模式:GSM 电池容量:900mAh,http://detail.zol.com.cn/cell_phone/index269850.shtml,OPPO,http://detail.zol.com.cn/270/269850/review.shtml,13
359612,OPPO R823T（移动版） ,1100,主屏尺寸:4英寸 主屏材质:TFT 主屏分辨率:800x480像素 屏幕像素密度:233ppi 网络模式:GSM，TD-SCDMA 操作系统:Android OS 4.2 核心数:四核,http://detail.zol.com.cn/cell_phone/index359612.shtml,OPPO,http://detail.zol.com.cn/360/359612/review.shtml,174
1318903,OPPO A11（4GB/64GB/全网通） ,1299,AI四摄，骁龙665移动平台，视频防抖,http://detail.zol.com.cn/cell_phone/index1318903.shtml,OPPO,http://detail.zol.com.cn/1319/1318903/review.shtml,174
1225806,OPPO R17（8GB RAM/全网通） ,2499,光感屏幕指纹，AI场景识别，AR实景导航，六代大猩猩玻璃,http://detail.zol.com.cn/cell_phone/index1225806.shtml,OPPO,http://detail.zol.com.cn/1226/1225806/review.shtml,613
1225826,OPPO R17 Pro（6GB RAM/全网通） ,2599,Super VOOC闪充，TOF 3D立体摄像头，OPPO AR实景导航，光感屏幕指纹,http://detail.zol.com.cn/cell_phone/index1225826.shtml,OPPO,http://detail.zol.com.cn/1226/1225826/review.shtml,608
1166362,OPPO 5X Zoom（全网通）  ,0,主屏尺寸:0英寸 4G网络:移动TD-LTE，联通TD-LTE，联通FDD-LTE，电信TD-LTE，电信FDD-LTE 闪光灯:LED补光灯 传感器类型:CMOS 上市日期:2017年03月 手机类型:4G手机，3G手机，智能手机 窄边框:0mm,http://detail.zol.com.cn/cell_phone/index1166362.shtml,OPPO,,0
1136364,OPPO A35 2015版 (移动4G) ,0,主屏尺寸:5英寸 主屏分辨率:1280x720像素 屏幕像素密度:294ppi 4G网络:移动TD-LTE CPU频率:1.5GHz 核心数:八核 RAM容量:2GB,http://detail.zol.com.cn/cell_phone/index1136364.shtml,OPPO,http://detail.zol.com.cn/1137/1136364/review.shtml,2
1319916,OPPO A52（8GB/128GB/全网通） ,1299,18W疾速快充，星阵AI四摄，5000mAh电池,http://detail.zol.com.cn/cell_phone/index1319916.shtml,OPPO,http://detail.zol.com.cn/1320/1319916/review.shtml,55
1136798,OPPO A30（双4G） ,1550,主屏尺寸:4.99英寸 主屏材质:AMOLED 主屏分辨率:1920x1080像素 屏幕像素密度:441ppi 网络类型:双4G 4G网络:移动TD-LTE，联通TD-LTE，联通FDD-LTE 操作系统:Android OS 5.1,http://detail.zol.com.cn/cell_phone/index1136798.shtml,OPPO,http://detail.zol.com.cn/1137/1136798/review.shtml,90
1166932,OPPO F3 Plus（全网通） ,0,主屏尺寸:6英寸 操作系统:ColorOS 3.0（基于Android 6.0） 主屏材质:LCD（IPS技术） 主屏分辨率:1920x1080像素 屏幕像素密度:367ppi 4G网络:移动TD-LTE，联通TD-LTE，联通FDD-LTE，电信TD-LTE，电信FDD-LTE SIM卡:双卡，Nano SIM卡,http://detail.zol.com.cn/cell_phone/index1166932.shtml,OPPO,http://detail.zol.com.cn/1167/1166932/review.shtml,6
1167114,OPPO F3（全网通） ,0,主屏尺寸:0英寸 4G网络:移动TD-LTE，联通TD-LTE，联通FDD-LTE，电信TD-LTE，电信FDD-LTE 闪光灯:LED补光灯 传感器类型:CMOS 上市日期:2017年 手机类型:4G手机，3G手机，智能手机 窄边框:0mm,http://detail.zol.com.cn/cell_phone/index1167114.shtml,OPPO,http://detail.zol.com.cn/1168/1167114/review.shtml,1
1228566,OPPO AX5（3GB/64GB/全网通） ,1792,主屏尺寸:6.2英寸 主屏分辨率:1520x720像素 屏幕像素密度:271ppi CPU型号:高通 骁龙450 4G网络:移动TD-LTE，联通TD-LTE，联通FDD-LTE，电信TD-LTE，电信FDD-LTE SIM卡类型:双卡（2+1卡槽，双Nano-Sim卡+micro-SD卡） 核心数:八核,http://detail.zol.com.cn/cell_phone/index1228566.shtml,OPPO,,0
1139746,OPPO R9 Plus（全网通） ,1060,美颜4.0，大容量电池，VOOC闪充，凝光腰线,http://detail.zol.com.cn/cell_phone/index1139746.shtml,OPPO,http://detail.zol.com.cn/1140/1139746/review.shtml,736
